[
    {
      "nome": "Aiello del Friuli",
      "codice": "030001",
      "zona": {
        "codice": "2",
        "nome": "Nord-est"
      },
      "regione": {
        "codice": "06",
        "nome": "Friuli-Venezia Giulia"
      },
      "provincia": {
        "codice": "030",
        "nome": "Udine"
      },
      "sigla": "UD",
      "codiceCatastale": "A103",
      "cap": [
        "33041"
      ],
      "popolazione": 2272
    },
    {
      "nome": "Amaro",
      "codice": "030002",
      "zona": {
        "codice": "2",
        "nome": "Nord-est"
      },
      "regione": {
        "codice": "06",
        "nome": "Friuli-Venezia Giulia"
      },
      "provincia": {
        "codice": "030",
        "nome": "Udine"
      },
      "sigla": "UD",
      "codiceCatastale": "A254",
      "cap": [
        "33020"
      ],
      "popolazione": 841
    },
    {
      "nome": "Ampezzo",
      "codice": "030003",
      "zona": {
        "codice": "2",
        "nome": "Nord-est"
      },
      "regione": {
        "codice": "06",
        "nome": "Friuli-Venezia Giulia"
      },
      "provincia": {
        "codice": "030",
        "nome": "Udine"
      },
      "sigla": "UD",
      "codiceCatastale": "A267",
      "cap": [
        "33021"
      ],
      "popolazione": 1030
    },
    {
      "nome": "Andreis",
      "codice": "093001",
      "zona": {
        "codice": "2",
        "nome": "Nord-est"
      },
      "regione": {
        "codice": "06",
        "nome": "Friuli-Venezia Giulia"
      },
      "provincia": {
        "codice": "093",
        "nome": "Pordenone"
      },
      "sigla": "PN",
      "codiceCatastale": "A283",
      "cap": [
        "33080"
      ],
      "popolazione": 282
    },
    {
      "nome": "Aquileia",
      "codice": "030004",
      "zona": {
        "codice": "2",
        "nome": "Nord-est"
      },
      "regione": {
        "codice": "06",
        "nome": "Friuli-Venezia Giulia"
      },
      "provincia": {
        "codice": "030",
        "nome": "Udine"
      },
      "sigla": "UD",
      "codiceCatastale": "A346",
      "cap": [
        "33051"
      ],
      "popolazione": 3441
    },
    {
      "nome": "Arba",
      "codice": "093002",
      "zona": {
        "codice": "2",
        "nome": "Nord-est"
      },
      "regione": {
        "codice": "06",
        "nome": "Friuli-Venezia Giulia"
      },
      "provincia": {
        "codice": "093",
        "nome": "Pordenone"
      },
      "sigla": "PN",
      "codiceCatastale": "A354",
      "cap": [
        "33090"
      ],
      "popolazione": 1309
    },
    {
      "nome": "Arta Terme",
      "codice": "030005",
      "zona": {
        "codice": "2",
        "nome": "Nord-est"
      },
      "regione": {
        "codice": "06",
        "nome": "Friuli-Venezia Giulia"
      },
      "provincia": {
        "codice": "030",
        "nome": "Udine"
      },
      "sigla": "UD",
      "codiceCatastale": "A447",
      "cap": [
        "33022"
      ],
      "popolazione": 2243
    },
    {
      "nome": "Artegna",
      "codice": "030006",
      "zona": {
        "codice": "2",
        "nome": "Nord-est"
      },
      "regione": {
        "codice": "06",
        "nome": "Friuli-Venezia Giulia"
      },
      "provincia": {
        "codice": "030",
        "nome": "Udine"
      },
      "sigla": "UD",
      "codiceCatastale": "A448",
      "cap": [
        "33011"
      ],
      "popolazione": 2877
    },
    {
      "nome": "Attimis",
      "codice": "030007",
      "zona": {
        "codice": "2",
        "nome": "Nord-est"
      },
      "regione": {
        "codice": "06",
        "nome": "Friuli-Venezia Giulia"
      },
      "provincia": {
        "codice": "030",
        "nome": "Udine"
      },
      "sigla": "UD",
      "codiceCatastale": "A491",
      "cap": [
        "33040"
      ],
      "popolazione": 1861
    },
    {
      "nome": "Aviano",
      "codice": "093004",
      "zona": {
        "codice": "2",
        "nome": "Nord-est"
      },
      "regione": {
        "codice": "06",
        "nome": "Friuli-Venezia Giulia"
      },
      "provincia": {
        "codice": "093",
        "nome": "Pordenone"
      },
      "sigla": "PN",
      "codiceCatastale": "A516",
      "cap": [
        "33081"
      ],
      "popolazione": 9025
    },
    {
      "nome": "Azzano Decimo",
      "codice": "093005",
      "zona": {
        "codice": "2",
        "nome": "Nord-est"
      },
      "regione": {
        "codice": "06",
        "nome": "Friuli-Venezia Giulia"
      },
      "provincia": {
        "codice": "093",
        "nome": "Pordenone"
      },
      "sigla": "PN",
      "codiceCatastale": "A530",
      "cap": [
        "33082"
      ],
      "popolazione": 15554
    },
    {
      "nome": "Bagnaria Arsa",
      "codice": "030008",
      "zona": {
        "codice": "2",
        "nome": "Nord-est"
      },
      "regione": {
        "codice": "06",
        "nome": "Friuli-Venezia Giulia"
      },
      "provincia": {
        "codice": "030",
        "nome": "Udine"
      },
      "sigla": "UD",
      "codiceCatastale": "A553",
      "cap": [
        "33050"
      ],
      "popolazione": 3577
    },
    {
      "nome": "Barcis",
      "codice": "093006",
      "zona": {
        "codice": "2",
        "nome": "Nord-est"
      },
      "regione": {
        "codice": "06",
        "nome": "Friuli-Venezia Giulia"
      },
      "provincia": {
        "codice": "093",
        "nome": "Pordenone"
      },
      "sigla": "PN",
      "codiceCatastale": "A640",
      "cap": [
        "33080"
      ],
      "popolazione": 261
    },
    {
      "nome": "Basiliano",
      "codice": "030009",
      "zona": {
        "codice": "2",
        "nome": "Nord-est"
      },
      "regione": {
        "codice": "06",
        "nome": "Friuli-Venezia Giulia"
      },
      "provincia": {
        "codice": "030",
        "nome": "Udine"
      },
      "sigla": "UD",
      "codiceCatastale": "A700",
      "cap": [
        "33031"
      ],
      "popolazione": 5353
    },
    {
      "nome": "Bertiolo",
      "codice": "030010",
      "zona": {
        "codice": "2",
        "nome": "Nord-est"
      },
      "regione": {
        "codice": "06",
        "nome": "Friuli-Venezia Giulia"
      },
      "provincia": {
        "codice": "030",
        "nome": "Udine"
      },
      "sigla": "UD",
      "codiceCatastale": "A810",
      "cap": [
        "33032"
      ],
      "popolazione": 2577
    },
    {
      "nome": "Bicinicco",
      "codice": "030011",
      "zona": {
        "codice": "2",
        "nome": "Nord-est"
      },
      "regione": {
        "codice": "06",
        "nome": "Friuli-Venezia Giulia"
      },
      "provincia": {
        "codice": "030",
        "nome": "Udine"
      },
      "sigla": "UD",
      "codiceCatastale": "A855",
      "cap": [
        "33050"
      ],
      "popolazione": 1922
    },
    {
      "nome": "Bordano",
      "codice": "030012",
      "zona": {
        "codice": "2",
        "nome": "Nord-est"
      },
      "regione": {
        "codice": "06",
        "nome": "Friuli-Venezia Giulia"
      },
      "provincia": {
        "codice": "030",
        "nome": "Udine"
      },
      "sigla": "UD",
      "codiceCatastale": "A983",
      "cap": [
        "33010"
      ],
      "popolazione": 789
    },
    {
      "nome": "Brugnera",
      "codice": "093007",
      "zona": {
        "codice": "2",
        "nome": "Nord-est"
      },
      "regione": {
        "codice": "06",
        "nome": "Friuli-Venezia Giulia"
      },
      "provincia": {
        "codice": "093",
        "nome": "Pordenone"
      },
      "sigla": "PN",
      "codiceCatastale": "B215",
      "cap": [
        "33070"
      ],
      "popolazione": 9254
    },
    {
      "nome": "Budoia",
      "codice": "093008",
      "zona": {
        "codice": "2",
        "nome": "Nord-est"
      },
      "regione": {
        "codice": "06",
        "nome": "Friuli-Venezia Giulia"
      },
      "provincia": {
        "codice": "093",
        "nome": "Pordenone"
      },
      "sigla": "PN",
      "codiceCatastale": "B247",
      "cap": [
        "33070"
      ],
      "popolazione": 2552
    },
    {
      "nome": "Buja",
      "codice": "030013",
      "zona": {
        "codice": "2",
        "nome": "Nord-est"
      },
      "regione": {
        "codice": "06",
        "nome": "Friuli-Venezia Giulia"
      },
      "provincia": {
        "codice": "030",
        "nome": "Udine"
      },
      "sigla": "UD",
      "codiceCatastale": "B259",
      "cap": [
        "33030"
      ],
      "popolazione": 6627
    },
    {
      "nome": "Buttrio",
      "codice": "030014",
      "zona": {
        "codice": "2",
        "nome": "Nord-est"
      },
      "regione": {
        "codice": "06",
        "nome": "Friuli-Venezia Giulia"
      },
      "provincia": {
        "codice": "030",
        "nome": "Udine"
      },
      "sigla": "UD",
      "codiceCatastale": "B309",
      "cap": [
        "33042"
      ],
      "popolazione": 4039
    },
    {
      "nome": "Camino al Tagliamento",
      "codice": "030015",
      "zona": {
        "codice": "2",
        "nome": "Nord-est"
      },
      "regione": {
        "codice": "06",
        "nome": "Friuli-Venezia Giulia"
      },
      "provincia": {
        "codice": "030",
        "nome": "Udine"
      },
      "sigla": "UD",
      "codiceCatastale": "B483",
      "cap": [
        "33030"
      ],
      "popolazione": 1660
    },
    {
      "nome": "Campoformido",
      "codice": "030016",
      "zona": {
        "codice": "2",
        "nome": "Nord-est"
      },
      "regione": {
        "codice": "06",
        "nome": "Friuli-Venezia Giulia"
      },
      "provincia": {
        "codice": "030",
        "nome": "Udine"
      },
      "sigla": "UD",
      "codiceCatastale": "B536",
      "cap": [
        "33030"
      ],
      "popolazione": 7679
    },
    {
      "nome": "Campolongo Tapogliano",
      "codice": "030138",
      "zona": {
        "codice": "2",
        "nome": "Nord-est"
      },
      "regione": {
        "codice": "06",
        "nome": "Friuli-Venezia Giulia"
      },
      "provincia": {
        "codice": "030",
        "nome": "Udine"
      },
      "sigla": "UD",
      "codiceCatastale": "M311",
      "cap": [
        "33040"
      ],
      "popolazione": 1210
    },
    {
      "nome": "Caneva",
      "codice": "093009",
      "zona": {
        "codice": "2",
        "nome": "Nord-est"
      },
      "regione": {
        "codice": "06",
        "nome": "Friuli-Venezia Giulia"
      },
      "provincia": {
        "codice": "093",
        "nome": "Pordenone"
      },
      "sigla": "PN",
      "codiceCatastale": "B598",
      "cap": [
        "33070"
      ],
      "popolazione": 6504
    },
    {
      "nome": "Capriva del Friuli",
      "codice": "031001",
      "zona": {
        "codice": "2",
        "nome": "Nord-est"
      },
      "regione": {
        "codice": "06",
        "nome": "Friuli-Venezia Giulia"
      },
      "provincia": {
        "codice": "031",
        "nome": "Gorizia"
      },
      "sigla": "GO",
      "codiceCatastale": "B712",
      "cap": [
        "34070"
      ],
      "popolazione": 1731
    },
    {
      "nome": "Carlino",
      "codice": "030018",
      "zona": {
        "codice": "2",
        "nome": "Nord-est"
      },
      "regione": {
        "codice": "06",
        "nome": "Friuli-Venezia Giulia"
      },
      "provincia": {
        "codice": "030",
        "nome": "Udine"
      },
      "sigla": "UD",
      "codiceCatastale": "B788",
      "cap": [
        "33050"
      ],
      "popolazione": 2790
    },
    {
      "nome": "Casarsa della Delizia",
      "codice": "093010",
      "zona": {
        "codice": "2",
        "nome": "Nord-est"
      },
      "regione": {
        "codice": "06",
        "nome": "Friuli-Venezia Giulia"
      },
      "provincia": {
        "codice": "093",
        "nome": "Pordenone"
      },
      "sigla": "PN",
      "codiceCatastale": "B940",
      "cap": [
        "33072"
      ],
      "popolazione": 8440
    },
    {
      "nome": "Cassacco",
      "codice": "030019",
      "zona": {
        "codice": "2",
        "nome": "Nord-est"
      },
      "regione": {
        "codice": "06",
        "nome": "Friuli-Venezia Giulia"
      },
      "provincia": {
        "codice": "030",
        "nome": "Udine"
      },
      "sigla": "UD",
      "codiceCatastale": "B994",
      "cap": [
        "33010"
      ],
      "popolazione": 2911
    },
    {
      "nome": "Castelnovo del Friuli",
      "codice": "093011",
      "zona": {
        "codice": "2",
        "nome": "Nord-est"
      },
      "regione": {
        "codice": "06",
        "nome": "Friuli-Venezia Giulia"
      },
      "provincia": {
        "codice": "093",
        "nome": "Pordenone"
      },
      "sigla": "PN",
      "codiceCatastale": "C217",
      "cap": [
        "33090"
      ],
      "popolazione": 913
    },
    {
      "nome": "Castions di Strada",
      "codice": "030020",
      "zona": {
        "codice": "2",
        "nome": "Nord-est"
      },
      "regione": {
        "codice": "06",
        "nome": "Friuli-Venezia Giulia"
      },
      "provincia": {
        "codice": "030",
        "nome": "Udine"
      },
      "sigla": "UD",
      "codiceCatastale": "C327",
      "cap": [
        "33050"
      ],
      "popolazione": 3866
    },
    {
      "nome": "Cavasso Nuovo",
      "codice": "093012",
      "zona": {
        "codice": "2",
        "nome": "Nord-est"
      },
      "regione": {
        "codice": "06",
        "nome": "Friuli-Venezia Giulia"
      },
      "provincia": {
        "codice": "093",
        "nome": "Pordenone"
      },
      "sigla": "PN",
      "codiceCatastale": "C385",
      "cap": [
        "33092"
      ],
      "popolazione": 1606
    },
    {
      "nome": "Cavazzo Carnico",
      "codice": "030021",
      "zona": {
        "codice": "2",
        "nome": "Nord-est"
      },
      "regione": {
        "codice": "06",
        "nome": "Friuli-Venezia Giulia"
      },
      "provincia": {
        "codice": "030",
        "nome": "Udine"
      },
      "sigla": "UD",
      "codiceCatastale": "C389",
      "cap": [
        "33020"
      ],
      "popolazione": 1087
    },
    {
      "nome": "Cercivento",
      "codice": "030022",
      "zona": {
        "codice": "2",
        "nome": "Nord-est"
      },
      "regione": {
        "codice": "06",
        "nome": "Friuli-Venezia Giulia"
      },
      "provincia": {
        "codice": "030",
        "nome": "Udine"
      },
      "sigla": "UD",
      "codiceCatastale": "C494",
      "cap": [
        "33020"
      ],
      "popolazione": 696
    },
    {
      "nome": "Cervignano del Friuli",
      "codice": "030023",
      "zona": {
        "codice": "2",
        "nome": "Nord-est"
      },
      "regione": {
        "codice": "06",
        "nome": "Friuli-Venezia Giulia"
      },
      "provincia": {
        "codice": "030",
        "nome": "Udine"
      },
      "sigla": "UD",
      "codiceCatastale": "C556",
      "cap": [
        "33052"
      ],
      "popolazione": 13409
    },
    {
      "nome": "Chions",
      "codice": "093013",
      "zona": {
        "codice": "2",
        "nome": "Nord-est"
      },
      "regione": {
        "codice": "06",
        "nome": "Friuli-Venezia Giulia"
      },
      "provincia": {
        "codice": "093",
        "nome": "Pordenone"
      },
      "sigla": "PN",
      "codiceCatastale": "C640",
      "cap": [
        "33083"
      ],
      "popolazione": 5188
    },
    {
      "nome": "Chiopris-Viscone",
      "codice": "030024",
      "zona": {
        "codice": "2",
        "nome": "Nord-est"
      },
      "regione": {
        "codice": "06",
        "nome": "Friuli-Venezia Giulia"
      },
      "provincia": {
        "codice": "030",
        "nome": "Udine"
      },
      "sigla": "UD",
      "codiceCatastale": "C641",
      "cap": [
        "33048"
      ],
      "popolazione": 620
    },
    {
      "nome": "Chiusaforte",
      "codice": "030025",
      "zona": {
        "codice": "2",
        "nome": "Nord-est"
      },
      "regione": {
        "codice": "06",
        "nome": "Friuli-Venezia Giulia"
      },
      "provincia": {
        "codice": "030",
        "nome": "Udine"
      },
      "sigla": "UD",
      "codiceCatastale": "C656",
      "cap": [
        "33010"
      ],
      "popolazione": 703
    },
    {
      "nome": "Cimolais",
      "codice": "093014",
      "zona": {
        "codice": "2",
        "nome": "Nord-est"
      },
      "regione": {
        "codice": "06",
        "nome": "Friuli-Venezia Giulia"
      },
      "provincia": {
        "codice": "093",
        "nome": "Pordenone"
      },
      "sigla": "PN",
      "codiceCatastale": "C699",
      "cap": [
        "33080"
      ],
      "popolazione": 421
    },
    {
      "nome": "Cividale del Friuli",
      "codice": "030026",
      "zona": {
        "codice": "2",
        "nome": "Nord-est"
      },
      "regione": {
        "codice": "06",
        "nome": "Friuli-Venezia Giulia"
      },
      "provincia": {
        "codice": "030",
        "nome": "Udine"
      },
      "sigla": "UD",
      "codiceCatastale": "C758",
      "cap": [
        "33043"
      ],
      "popolazione": 11378
    },
    {
      "nome": "Claut",
      "codice": "093015",
      "zona": {
        "codice": "2",
        "nome": "Nord-est"
      },
      "regione": {
        "codice": "06",
        "nome": "Friuli-Venezia Giulia"
      },
      "provincia": {
        "codice": "093",
        "nome": "Pordenone"
      },
      "sigla": "PN",
      "codiceCatastale": "C790",
      "cap": [
        "33080"
      ],
      "popolazione": 1005
    },
    {
      "nome": "Clauzetto",
      "codice": "093016",
      "zona": {
        "codice": "2",
        "nome": "Nord-est"
      },
      "regione": {
        "codice": "06",
        "nome": "Friuli-Venezia Giulia"
      },
      "provincia": {
        "codice": "093",
        "nome": "Pordenone"
      },
      "sigla": "PN",
      "codiceCatastale": "C791",
      "cap": [
        "33090"
      ],
      "popolazione": 390
    },
    {
      "nome": "Codroipo",
      "codice": "030027",
      "zona": {
        "codice": "2",
        "nome": "Nord-est"
      },
      "regione": {
        "codice": "06",
        "nome": "Friuli-Venezia Giulia"
      },
      "provincia": {
        "codice": "030",
        "nome": "Udine"
      },
      "sigla": "UD",
      "codiceCatastale": "C817",
      "cap": [
        "33033"
      ],
      "popolazione": 15806
    },
    {
      "nome": "Colloredo di Monte Albano",
      "codice": "030028",
      "zona": {
        "codice": "2",
        "nome": "Nord-est"
      },
      "regione": {
        "codice": "06",
        "nome": "Friuli-Venezia Giulia"
      },
      "provincia": {
        "codice": "030",
        "nome": "Udine"
      },
      "sigla": "UD",
      "codiceCatastale": "C885",
      "cap": [
        "33010"
      ],
      "popolazione": 2231
    },
    {
      "nome": "Comeglians",
      "codice": "030029",
      "zona": {
        "codice": "2",
        "nome": "Nord-est"
      },
      "regione": {
        "codice": "06",
        "nome": "Friuli-Venezia Giulia"
      },
      "provincia": {
        "codice": "030",
        "nome": "Udine"
      },
      "sigla": "UD",
      "codiceCatastale": "C918",
      "cap": [
        "33023"
      ],
      "popolazione": 532
    },
    {
      "nome": "Cordenons",
      "codice": "093017",
      "zona": {
        "codice": "2",
        "nome": "Nord-est"
      },
      "regione": {
        "codice": "06",
        "nome": "Friuli-Venezia Giulia"
      },
      "provincia": {
        "codice": "093",
        "nome": "Pordenone"
      },
      "sigla": "PN",
      "codiceCatastale": "C991",
      "cap": [
        "33084"
      ],
      "popolazione": 18203
    },
    {
      "nome": "Cordovado",
      "codice": "093018",
      "zona": {
        "codice": "2",
        "nome": "Nord-est"
      },
      "regione": {
        "codice": "06",
        "nome": "Friuli-Venezia Giulia"
      },
      "provincia": {
        "codice": "093",
        "nome": "Pordenone"
      },
      "sigla": "PN",
      "codiceCatastale": "C993",
      "cap": [
        "33075"
      ],
      "popolazione": 2748
    },
    {
      "nome": "Cormons",
      "codice": "031002",
      "zona": {
        "codice": "2",
        "nome": "Nord-est"
      },
      "regione": {
        "codice": "06",
        "nome": "Friuli-Venezia Giulia"
      },
      "provincia": {
        "codice": "031",
        "nome": "Gorizia"
      },
      "sigla": "GO",
      "codiceCatastale": "D014",
      "cap": [
        "34071"
      ],
      "popolazione": 7543
    },
    {
      "nome": "Corno di Rosazzo",
      "codice": "030030",
      "zona": {
        "codice": "2",
        "nome": "Nord-est"
      },
      "regione": {
        "codice": "06",
        "nome": "Friuli-Venezia Giulia"
      },
      "provincia": {
        "codice": "030",
        "nome": "Udine"
      },
      "sigla": "UD",
      "codiceCatastale": "D027",
      "cap": [
        "33040"
      ],
      "popolazione": 3269
    },
    {
      "nome": "Coseano",
      "codice": "030031",
      "zona": {
        "codice": "2",
        "nome": "Nord-est"
      },
      "regione": {
        "codice": "06",
        "nome": "Friuli-Venezia Giulia"
      },
      "provincia": {
        "codice": "030",
        "nome": "Udine"
      },
      "sigla": "UD",
      "codiceCatastale": "D085",
      "cap": [
        "33030"
      ],
      "popolazione": 2247
    },
    {
      "nome": "Dignano",
      "codice": "030032",
      "zona": {
        "codice": "2",
        "nome": "Nord-est"
      },
      "regione": {
        "codice": "06",
        "nome": "Friuli-Venezia Giulia"
      },
      "provincia": {
        "codice": "030",
        "nome": "Udine"
      },
      "sigla": "UD",
      "codiceCatastale": "D300",
      "cap": [
        "33030"
      ],
      "popolazione": 2389
    },
    {
      "nome": "Doberdò del Lago",
      "codice": "031003",
      "zona": {
        "codice": "2",
        "nome": "Nord-est"
      },
      "regione": {
        "codice": "06",
        "nome": "Friuli-Venezia Giulia"
      },
      "provincia": {
        "codice": "031",
        "nome": "Gorizia"
      },
      "sigla": "GO",
      "codiceCatastale": "D312",
      "cap": [
        "34070"
      ],
      "popolazione": 1441
    },
    {
      "nome": "Dogna",
      "codice": "030033",
      "zona": {
        "codice": "2",
        "nome": "Nord-est"
      },
      "regione": {
        "codice": "06",
        "nome": "Friuli-Venezia Giulia"
      },
      "provincia": {
        "codice": "030",
        "nome": "Udine"
      },
      "sigla": "UD",
      "codiceCatastale": "D316",
      "cap": [
        "33010"
      ],
      "popolazione": 192
    },
    {
      "nome": "Dolegna del Collio",
      "codice": "031004",
      "zona": {
        "codice": "2",
        "nome": "Nord-est"
      },
      "regione": {
        "codice": "06",
        "nome": "Friuli-Venezia Giulia"
      },
      "provincia": {
        "codice": "031",
        "nome": "Gorizia"
      },
      "sigla": "GO",
      "codiceCatastale": "D321",
      "cap": [
        "34070"
      ],
      "popolazione": 390
    },
    {
      "nome": "Drenchia",
      "codice": "030034",
      "zona": {
        "codice": "2",
        "nome": "Nord-est"
      },
      "regione": {
        "codice": "06",
        "nome": "Friuli-Venezia Giulia"
      },
      "provincia": {
        "codice": "030",
        "nome": "Udine"
      },
      "sigla": "UD",
      "codiceCatastale": "D366",
      "cap": [
        "33040"
      ],
      "popolazione": 134
    },
    {
      "nome": "Duino Aurisina",
      "codice": "032001",
      "zona": {
        "codice": "2",
        "nome": "Nord-est"
      },
      "regione": {
        "codice": "06",
        "nome": "Friuli-Venezia Giulia"
      },
      "provincia": {
        "codice": "032",
        "nome": "Trieste"
      },
      "sigla": "TS",
      "codiceCatastale": "D383",
      "cap": [
        "34011"
      ],
      "popolazione": 8586
    },
    {
      "nome": "Enemonzo",
      "codice": "030035",
      "zona": {
        "codice": "2",
        "nome": "Nord-est"
      },
      "regione": {
        "codice": "06",
        "nome": "Friuli-Venezia Giulia"
      },
      "provincia": {
        "codice": "030",
        "nome": "Udine"
      },
      "sigla": "UD",
      "codiceCatastale": "D408",
      "cap": [
        "33020"
      ],
      "popolazione": 1351
    },
    {
      "nome": "Erto e Casso",
      "codice": "093019",
      "zona": {
        "codice": "2",
        "nome": "Nord-est"
      },
      "regione": {
        "codice": "06",
        "nome": "Friuli-Venezia Giulia"
      },
      "provincia": {
        "codice": "093",
        "nome": "Pordenone"
      },
      "sigla": "PN",
      "codiceCatastale": "D426",
      "cap": [
        "33080"
      ],
      "popolazione": 387
    },
    {
      "nome": "Faedis",
      "codice": "030036",
      "zona": {
        "codice": "2",
        "nome": "Nord-est"
      },
      "regione": {
        "codice": "06",
        "nome": "Friuli-Venezia Giulia"
      },
      "provincia": {
        "codice": "030",
        "nome": "Udine"
      },
      "sigla": "UD",
      "codiceCatastale": "D455",
      "cap": [
        "33040"
      ],
      "popolazione": 3014
    },
    {
      "nome": "Fagagna",
      "codice": "030037",
      "zona": {
        "codice": "2",
        "nome": "Nord-est"
      },
      "regione": {
        "codice": "06",
        "nome": "Friuli-Venezia Giulia"
      },
      "provincia": {
        "codice": "030",
        "nome": "Udine"
      },
      "sigla": "UD",
      "codiceCatastale": "D461",
      "cap": [
        "33034"
      ],
      "popolazione": 6279
    },
    {
      "nome": "Fanna",
      "codice": "093020",
      "zona": {
        "codice": "2",
        "nome": "Nord-est"
      },
      "regione": {
        "codice": "06",
        "nome": "Friuli-Venezia Giulia"
      },
      "provincia": {
        "codice": "093",
        "nome": "Pordenone"
      },
      "sigla": "PN",
      "codiceCatastale": "D487",
      "cap": [
        "33092"
      ],
      "popolazione": 1556
    },
    {
      "nome": "Farra d'Isonzo",
      "codice": "031005",
      "zona": {
        "codice": "2",
        "nome": "Nord-est"
      },
      "regione": {
        "codice": "06",
        "nome": "Friuli-Venezia Giulia"
      },
      "provincia": {
        "codice": "031",
        "nome": "Gorizia"
      },
      "sigla": "GO",
      "codiceCatastale": "D504",
      "cap": [
        "34072"
      ],
      "popolazione": 1752
    },
    {
      "nome": "Fiume Veneto",
      "codice": "093021",
      "zona": {
        "codice": "2",
        "nome": "Nord-est"
      },
      "regione": {
        "codice": "06",
        "nome": "Friuli-Venezia Giulia"
      },
      "provincia": {
        "codice": "093",
        "nome": "Pordenone"
      },
      "sigla": "PN",
      "codiceCatastale": "D621",
      "cap": [
        "33080"
      ],
      "popolazione": 11486
    },
    {
      "nome": "Fiumicello Villa Vicentina",
      "codice": "030190",
      "zona": {
        "codice": "2",
        "nome": "Nord-est"
      },
      "regione": {
        "codice": "06",
        "nome": "Friuli-Venezia Giulia"
      },
      "provincia": {
        "codice": "030",
        "nome": "Udine"
      },
      "sigla": "UD",
      "codiceCatastale": "M400",
      "cap": [
        "33059"
      ],
      "popolazione": 6408
    },
    {
      "nome": "Flaibano",
      "codice": "030039",
      "zona": {
        "codice": "2",
        "nome": "Nord-est"
      },
      "regione": {
        "codice": "06",
        "nome": "Friuli-Venezia Giulia"
      },
      "provincia": {
        "codice": "030",
        "nome": "Udine"
      },
      "sigla": "UD",
      "codiceCatastale": "D630",
      "cap": [
        "33030"
      ],
      "popolazione": 1197
    },
    {
      "nome": "Fogliano Redipuglia",
      "codice": "031006",
      "zona": {
        "codice": "2",
        "nome": "Nord-est"
      },
      "regione": {
        "codice": "06",
        "nome": "Friuli-Venezia Giulia"
      },
      "provincia": {
        "codice": "031",
        "nome": "Gorizia"
      },
      "sigla": "GO",
      "codiceCatastale": "D645",
      "cap": [
        "34070"
      ],
      "popolazione": 3052
    },
    {
      "nome": "Fontanafredda",
      "codice": "093022",
      "zona": {
        "codice": "2",
        "nome": "Nord-est"
      },
      "regione": {
        "codice": "06",
        "nome": "Friuli-Venezia Giulia"
      },
      "provincia": {
        "codice": "093",
        "nome": "Pordenone"
      },
      "sigla": "PN",
      "codiceCatastale": "D670",
      "cap": [
        "33074"
      ],
      "popolazione": 11537
    },
    {
      "nome": "Forgaria nel Friuli",
      "codice": "030137",
      "zona": {
        "codice": "2",
        "nome": "Nord-est"
      },
      "regione": {
        "codice": "06",
        "nome": "Friuli-Venezia Giulia"
      },
      "provincia": {
        "codice": "030",
        "nome": "Udine"
      },
      "sigla": "UD",
      "codiceCatastale": "D700",
      "cap": [
        "33030"
      ],
      "popolazione": 1826
    },
    {
      "nome": "Forni Avoltri",
      "codice": "030040",
      "zona": {
        "codice": "2",
        "nome": "Nord-est"
      },
      "regione": {
        "codice": "06",
        "nome": "Friuli-Venezia Giulia"
      },
      "provincia": {
        "codice": "030",
        "nome": "Udine"
      },
      "sigla": "UD",
      "codiceCatastale": "D718",
      "cap": [
        "33020"
      ],
      "popolazione": 642
    },
    {
      "nome": "Forni di Sopra",
      "codice": "030041",
      "zona": {
        "codice": "2",
        "nome": "Nord-est"
      },
      "regione": {
        "codice": "06",
        "nome": "Friuli-Venezia Giulia"
      },
      "provincia": {
        "codice": "030",
        "nome": "Udine"
      },
      "sigla": "UD",
      "codiceCatastale": "D719",
      "cap": [
        "33024"
      ],
      "popolazione": 1027
    },
    {
      "nome": "Forni di Sotto",
      "codice": "030042",
      "zona": {
        "codice": "2",
        "nome": "Nord-est"
      },
      "regione": {
        "codice": "06",
        "nome": "Friuli-Venezia Giulia"
      },
      "provincia": {
        "codice": "030",
        "nome": "Udine"
      },
      "sigla": "UD",
      "codiceCatastale": "D720",
      "cap": [
        "33020"
      ],
      "popolazione": 620
    },
    {
      "nome": "Frisanco",
      "codice": "093024",
      "zona": {
        "codice": "2",
        "nome": "Nord-est"
      },
      "regione": {
        "codice": "06",
        "nome": "Friuli-Venezia Giulia"
      },
      "provincia": {
        "codice": "093",
        "nome": "Pordenone"
      },
      "sigla": "PN",
      "codiceCatastale": "D804",
      "cap": [
        "33080"
      ],
      "popolazione": 645
    },
    {
      "nome": "Gemona del Friuli",
      "codice": "030043",
      "zona": {
        "codice": "2",
        "nome": "Nord-est"
      },
      "regione": {
        "codice": "06",
        "nome": "Friuli-Venezia Giulia"
      },
      "provincia": {
        "codice": "030",
        "nome": "Udine"
      },
      "sigla": "UD",
      "codiceCatastale": "D962",
      "cap": [
        "33013"
      ],
      "popolazione": 11141
    },
    {
      "nome": "Gonars",
      "codice": "030044",
      "zona": {
        "codice": "2",
        "nome": "Nord-est"
      },
      "regione": {
        "codice": "06",
        "nome": "Friuli-Venezia Giulia"
      },
      "provincia": {
        "codice": "030",
        "nome": "Udine"
      },
      "sigla": "UD",
      "codiceCatastale": "E083",
      "cap": [
        "33050"
      ],
      "popolazione": 4790
    },
    {
      "nome": "Gorizia",
      "codice": "031007",
      "zona": {
        "codice": "2",
        "nome": "Nord-est"
      },
      "regione": {
        "codice": "06",
        "nome": "Friuli-Venezia Giulia"
      },
      "provincia": {
        "codice": "031",
        "nome": "Gorizia"
      },
      "sigla": "GO",
      "codiceCatastale": "E098",
      "cap": [
        "34170"
      ],
      "popolazione": 35212
    },
    {
      "nome": "Gradisca d'Isonzo",
      "codice": "031008",
      "zona": {
        "codice": "2",
        "nome": "Nord-est"
      },
      "regione": {
        "codice": "06",
        "nome": "Friuli-Venezia Giulia"
      },
      "provincia": {
        "codice": "031",
        "nome": "Gorizia"
      },
      "sigla": "GO",
      "codiceCatastale": "E124",
      "cap": [
        "34072"
      ],
      "popolazione": 6528
    },
    {
      "nome": "Grado",
      "codice": "031009",
      "zona": {
        "codice": "2",
        "nome": "Nord-est"
      },
      "regione": {
        "codice": "06",
        "nome": "Friuli-Venezia Giulia"
      },
      "provincia": {
        "codice": "031",
        "nome": "Gorizia"
      },
      "sigla": "GO",
      "codiceCatastale": "E125",
      "cap": [
        "34073"
      ],
      "popolazione": 8462
    },
    {
      "nome": "Grimacco",
      "codice": "030045",
      "zona": {
        "codice": "2",
        "nome": "Nord-est"
      },
      "regione": {
        "codice": "06",
        "nome": "Friuli-Venezia Giulia"
      },
      "provincia": {
        "codice": "030",
        "nome": "Udine"
      },
      "sigla": "UD",
      "codiceCatastale": "E179",
      "cap": [
        "33040"
      ],
      "popolazione": 374
    },
    {
      "nome": "Latisana",
      "codice": "030046",
      "zona": {
        "codice": "2",
        "nome": "Nord-est"
      },
      "regione": {
        "codice": "06",
        "nome": "Friuli-Venezia Giulia"
      },
      "provincia": {
        "codice": "030",
        "nome": "Udine"
      },
      "sigla": "UD",
      "codiceCatastale": "E473",
      "cap": [
        "33053"
      ],
      "popolazione": 13647
    },
    {
      "nome": "Lauco",
      "codice": "030047",
      "zona": {
        "codice": "2",
        "nome": "Nord-est"
      },
      "regione": {
        "codice": "06",
        "nome": "Friuli-Venezia Giulia"
      },
      "provincia": {
        "codice": "030",
        "nome": "Udine"
      },
      "sigla": "UD",
      "codiceCatastale": "E476",
      "cap": [
        "33029"
      ],
      "popolazione": 784
    },
    {
      "nome": "Lestizza",
      "codice": "030048",
      "zona": {
        "codice": "2",
        "nome": "Nord-est"
      },
      "regione": {
        "codice": "06",
        "nome": "Friuli-Venezia Giulia"
      },
      "provincia": {
        "codice": "030",
        "nome": "Udine"
      },
      "sigla": "UD",
      "codiceCatastale": "E553",
      "cap": [
        "33050"
      ],
      "popolazione": 3885
    },
    {
      "nome": "Lignano Sabbiadoro",
      "codice": "030049",
      "zona": {
        "codice": "2",
        "nome": "Nord-est"
      },
      "regione": {
        "codice": "06",
        "nome": "Friuli-Venezia Giulia"
      },
      "provincia": {
        "codice": "030",
        "nome": "Udine"
      },
      "sigla": "UD",
      "codiceCatastale": "E584",
      "cap": [
        "33054"
      ],
      "popolazione": 6447
    },
    {
      "nome": "Lusevera",
      "codice": "030051",
      "zona": {
        "codice": "2",
        "nome": "Nord-est"
      },
      "regione": {
        "codice": "06",
        "nome": "Friuli-Venezia Giulia"
      },
      "provincia": {
        "codice": "030",
        "nome": "Udine"
      },
      "sigla": "UD",
      "codiceCatastale": "E760",
      "cap": [
        "33010"
      ],
      "popolazione": 700
    },
    {
      "nome": "Magnano in Riviera",
      "codice": "030052",
      "zona": {
        "codice": "2",
        "nome": "Nord-est"
      },
      "regione": {
        "codice": "06",
        "nome": "Friuli-Venezia Giulia"
      },
      "provincia": {
        "codice": "030",
        "nome": "Udine"
      },
      "sigla": "UD",
      "codiceCatastale": "E820",
      "cap": [
        "33010"
      ],
      "popolazione": 2366
    },
    {
      "nome": "Majano",
      "codice": "030053",
      "zona": {
        "codice": "2",
        "nome": "Nord-est"
      },
      "regione": {
        "codice": "06",
        "nome": "Friuli-Venezia Giulia"
      },
      "provincia": {
        "codice": "030",
        "nome": "Udine"
      },
      "sigla": "UD",
      "codiceCatastale": "E833",
      "cap": [
        "33030"
      ],
      "popolazione": 6051
    },
    {
      "nome": "Malborghetto Valbruna",
      "codice": "030054",
      "zona": {
        "codice": "2",
        "nome": "Nord-est"
      },
      "regione": {
        "codice": "06",
        "nome": "Friuli-Venezia Giulia"
      },
      "provincia": {
        "codice": "030",
        "nome": "Udine"
      },
      "sigla": "UD",
      "codiceCatastale": "E847",
      "cap": [
        "33010"
      ],
      "popolazione": 969
    },
    {
      "nome": "Maniago",
      "codice": "093025",
      "zona": {
        "codice": "2",
        "nome": "Nord-est"
      },
      "regione": {
        "codice": "06",
        "nome": "Friuli-Venezia Giulia"
      },
      "provincia": {
        "codice": "093",
        "nome": "Pordenone"
      },
      "sigla": "PN",
      "codiceCatastale": "E889",
      "cap": [
        "33085"
      ],
      "popolazione": 11818
    },
    {
      "nome": "Manzano",
      "codice": "030055",
      "zona": {
        "codice": "2",
        "nome": "Nord-est"
      },
      "regione": {
        "codice": "06",
        "nome": "Friuli-Venezia Giulia"
      },
      "provincia": {
        "codice": "030",
        "nome": "Udine"
      },
      "sigla": "UD",
      "codiceCatastale": "E899",
      "cap": [
        "33044"
      ],
      "popolazione": 6581
    },
    {
      "nome": "Marano Lagunare",
      "codice": "030056",
      "zona": {
        "codice": "2",
        "nome": "Nord-est"
      },
      "regione": {
        "codice": "06",
        "nome": "Friuli-Venezia Giulia"
      },
      "provincia": {
        "codice": "030",
        "nome": "Udine"
      },
      "sigla": "UD",
      "codiceCatastale": "E910",
      "cap": [
        "33050"
      ],
      "popolazione": 1963
    },
    {
      "nome": "Mariano del Friuli",
      "codice": "031010",
      "zona": {
        "codice": "2",
        "nome": "Nord-est"
      },
      "regione": {
        "codice": "06",
        "nome": "Friuli-Venezia Giulia"
      },
      "provincia": {
        "codice": "031",
        "nome": "Gorizia"
      },
      "sigla": "GO",
      "codiceCatastale": "E952",
      "cap": [
        "34070"
      ],
      "popolazione": 1600
    },
    {
      "nome": "Martignacco",
      "codice": "030057",
      "zona": {
        "codice": "2",
        "nome": "Nord-est"
      },
      "regione": {
        "codice": "06",
        "nome": "Friuli-Venezia Giulia"
      },
      "provincia": {
        "codice": "030",
        "nome": "Udine"
      },
      "sigla": "UD",
      "codiceCatastale": "E982",
      "cap": [
        "33035"
      ],
      "popolazione": 6796
    },
    {
      "nome": "Medea",
      "codice": "031011",
      "zona": {
        "codice": "2",
        "nome": "Nord-est"
      },
      "regione": {
        "codice": "06",
        "nome": "Friuli-Venezia Giulia"
      },
      "provincia": {
        "codice": "031",
        "nome": "Gorizia"
      },
      "sigla": "GO",
      "codiceCatastale": "F081",
      "cap": [
        "34076"
      ],
      "popolazione": 970
    },
    {
      "nome": "Meduno",
      "codice": "093026",
      "zona": {
        "codice": "2",
        "nome": "Nord-est"
      },
      "regione": {
        "codice": "06",
        "nome": "Friuli-Venezia Giulia"
      },
      "provincia": {
        "codice": "093",
        "nome": "Pordenone"
      },
      "sigla": "PN",
      "codiceCatastale": "F089",
      "cap": [
        "33092"
      ],
      "popolazione": 1674
    },
    {
      "nome": "Mereto di Tomba",
      "codice": "030058",
      "zona": {
        "codice": "2",
        "nome": "Nord-est"
      },
      "regione": {
        "codice": "06",
        "nome": "Friuli-Venezia Giulia"
      },
      "provincia": {
        "codice": "030",
        "nome": "Udine"
      },
      "sigla": "UD",
      "codiceCatastale": "F144",
      "cap": [
        "33036"
      ],
      "popolazione": 2709
    },
    {
      "nome": "Moggio Udinese",
      "codice": "030059",
      "zona": {
        "codice": "2",
        "nome": "Nord-est"
      },
      "regione": {
        "codice": "06",
        "nome": "Friuli-Venezia Giulia"
      },
      "provincia": {
        "codice": "030",
        "nome": "Udine"
      },
      "sigla": "UD",
      "codiceCatastale": "F266",
      "cap": [
        "33015"
      ],
      "popolazione": 1814
    },
    {
      "nome": "Moimacco",
      "codice": "030060",
      "zona": {
        "codice": "2",
        "nome": "Nord-est"
      },
      "regione": {
        "codice": "06",
        "nome": "Friuli-Venezia Giulia"
      },
      "provincia": {
        "codice": "030",
        "nome": "Udine"
      },
      "sigla": "UD",
      "codiceCatastale": "F275",
      "cap": [
        "33040"
      ],
      "popolazione": 1648
    },
    {
      "nome": "Monfalcone",
      "codice": "031012",
      "zona": {
        "codice": "2",
        "nome": "Nord-est"
      },
      "regione": {
        "codice": "06",
        "nome": "Friuli-Venezia Giulia"
      },
      "provincia": {
        "codice": "031",
        "nome": "Gorizia"
      },
      "sigla": "GO",
      "codiceCatastale": "F356",
      "cap": [
        "34074"
      ],
      "popolazione": 27041
    },
    {
      "nome": "Monrupino",
      "codice": "032002",
      "zona": {
        "codice": "2",
        "nome": "Nord-est"
      },
      "regione": {
        "codice": "06",
        "nome": "Friuli-Venezia Giulia"
      },
      "provincia": {
        "codice": "032",
        "nome": "Trieste"
      },
      "sigla": "TS",
      "codiceCatastale": "F378",
      "cap": [
        "34016"
      ],
      "popolazione": 881
    },
    {
      "nome": "Montenars",
      "codice": "030061",
      "zona": {
        "codice": "2",
        "nome": "Nord-est"
      },
      "regione": {
        "codice": "06",
        "nome": "Friuli-Venezia Giulia"
      },
      "provincia": {
        "codice": "030",
        "nome": "Udine"
      },
      "sigla": "UD",
      "codiceCatastale": "F574",
      "cap": [
        "33010"
      ],
      "popolazione": 558
    },
    {
      "nome": "Montereale Valcellina",
      "codice": "093027",
      "zona": {
        "codice": "2",
        "nome": "Nord-est"
      },
      "regione": {
        "codice": "06",
        "nome": "Friuli-Venezia Giulia"
      },
      "provincia": {
        "codice": "093",
        "nome": "Pordenone"
      },
      "sigla": "PN",
      "codiceCatastale": "F596",
      "cap": [
        "33086"
      ],
      "popolazione": 4517
    },
    {
      "nome": "Moraro",
      "codice": "031013",
      "zona": {
        "codice": "2",
        "nome": "Nord-est"
      },
      "regione": {
        "codice": "06",
        "nome": "Friuli-Venezia Giulia"
      },
      "provincia": {
        "codice": "031",
        "nome": "Gorizia"
      },
      "sigla": "GO",
      "codiceCatastale": "F710",
      "cap": [
        "34070"
      ],
      "popolazione": 767
    },
    {
      "nome": "Morsano al Tagliamento",
      "codice": "093028",
      "zona": {
        "codice": "2",
        "nome": "Nord-est"
      },
      "regione": {
        "codice": "06",
        "nome": "Friuli-Venezia Giulia"
      },
      "provincia": {
        "codice": "093",
        "nome": "Pordenone"
      },
      "sigla": "PN",
      "codiceCatastale": "F750",
      "cap": [
        "33075"
      ],
      "popolazione": 2865
    },
    {
      "nome": "Mortegliano",
      "codice": "030062",
      "zona": {
        "codice": "2",
        "nome": "Nord-est"
      },
      "regione": {
        "codice": "06",
        "nome": "Friuli-Venezia Giulia"
      },
      "provincia": {
        "codice": "030",
        "nome": "Udine"
      },
      "sigla": "UD",
      "codiceCatastale": "F756",
      "cap": [
        "33050"
      ],
      "popolazione": 5045
    },
    {
      "nome": "Moruzzo",
      "codice": "030063",
      "zona": {
        "codice": "2",
        "nome": "Nord-est"
      },
      "regione": {
        "codice": "06",
        "nome": "Friuli-Venezia Giulia"
      },
      "provincia": {
        "codice": "030",
        "nome": "Udine"
      },
      "sigla": "UD",
      "codiceCatastale": "F760",
      "cap": [
        "33030"
      ],
      "popolazione": 2391
    },
    {
      "nome": "Mossa",
      "codice": "031014",
      "zona": {
        "codice": "2",
        "nome": "Nord-est"
      },
      "regione": {
        "codice": "06",
        "nome": "Friuli-Venezia Giulia"
      },
      "provincia": {
        "codice": "031",
        "nome": "Gorizia"
      },
      "sigla": "GO",
      "codiceCatastale": "F767",
      "cap": [
        "34070"
      ],
      "popolazione": 1659
    },
    {
      "nome": "Muggia",
      "codice": "032003",
      "zona": {
        "codice": "2",
        "nome": "Nord-est"
      },
      "regione": {
        "codice": "06",
        "nome": "Friuli-Venezia Giulia"
      },
      "provincia": {
        "codice": "032",
        "nome": "Trieste"
      },
      "sigla": "TS",
      "codiceCatastale": "F795",
      "cap": [
        "34015"
      ],
      "popolazione": 13022
    },
    {
      "nome": "Muzzana del Turgnano",
      "codice": "030064",
      "zona": {
        "codice": "2",
        "nome": "Nord-est"
      },
      "regione": {
        "codice": "06",
        "nome": "Friuli-Venezia Giulia"
      },
      "provincia": {
        "codice": "030",
        "nome": "Udine"
      },
      "sigla": "UD",
      "codiceCatastale": "F832",
      "cap": [
        "33055"
      ],
      "popolazione": 2641
    },
    {
      "nome": "Nimis",
      "codice": "030065",
      "zona": {
        "codice": "2",
        "nome": "Nord-est"
      },
      "regione": {
        "codice": "06",
        "nome": "Friuli-Venezia Giulia"
      },
      "provincia": {
        "codice": "030",
        "nome": "Udine"
      },
      "sigla": "UD",
      "codiceCatastale": "F898",
      "cap": [
        "33045"
      ],
      "popolazione": 2778
    },
    {
      "nome": "Osoppo",
      "codice": "030066",
      "zona": {
        "codice": "2",
        "nome": "Nord-est"
      },
      "regione": {
        "codice": "06",
        "nome": "Friuli-Venezia Giulia"
      },
      "provincia": {
        "codice": "030",
        "nome": "Udine"
      },
      "sigla": "UD",
      "codiceCatastale": "G163",
      "cap": [
        "33010"
      ],
      "popolazione": 3006
    },
    {
      "nome": "Ovaro",
      "codice": "030067",
      "zona": {
        "codice": "2",
        "nome": "Nord-est"
      },
      "regione": {
        "codice": "06",
        "nome": "Friuli-Venezia Giulia"
      },
      "provincia": {
        "codice": "030",
        "nome": "Udine"
      },
      "sigla": "UD",
      "codiceCatastale": "G198",
      "cap": [
        "33025"
      ],
      "popolazione": 2010
    },
    {
      "nome": "Pagnacco",
      "codice": "030068",
      "zona": {
        "codice": "2",
        "nome": "Nord-est"
      },
      "regione": {
        "codice": "06",
        "nome": "Friuli-Venezia Giulia"
      },
      "provincia": {
        "codice": "030",
        "nome": "Udine"
      },
      "sigla": "UD",
      "codiceCatastale": "G238",
      "cap": [
        "33010"
      ],
      "popolazione": 5044
    },
    {
      "nome": "Palazzolo dello Stella",
      "codice": "030069",
      "zona": {
        "codice": "2",
        "nome": "Nord-est"
      },
      "regione": {
        "codice": "06",
        "nome": "Friuli-Venezia Giulia"
      },
      "provincia": {
        "codice": "030",
        "nome": "Udine"
      },
      "sigla": "UD",
      "codiceCatastale": "G268",
      "cap": [
        "33056"
      ],
      "popolazione": 3008
    },
    {
      "nome": "Palmanova",
      "codice": "030070",
      "zona": {
        "codice": "2",
        "nome": "Nord-est"
      },
      "regione": {
        "codice": "06",
        "nome": "Friuli-Venezia Giulia"
      },
      "provincia": {
        "codice": "030",
        "nome": "Udine"
      },
      "sigla": "UD",
      "codiceCatastale": "G284",
      "cap": [
        "33057"
      ],
      "popolazione": 5409
    },
    {
      "nome": "Paluzza",
      "codice": "030071",
      "zona": {
        "codice": "2",
        "nome": "Nord-est"
      },
      "regione": {
        "codice": "06",
        "nome": "Friuli-Venezia Giulia"
      },
      "provincia": {
        "codice": "030",
        "nome": "Udine"
      },
      "sigla": "UD",
      "codiceCatastale": "G300",
      "cap": [
        "33026"
      ],
      "popolazione": 2372
    },
    {
      "nome": "Pasian di Prato",
      "codice": "030072",
      "zona": {
        "codice": "2",
        "nome": "Nord-est"
      },
      "regione": {
        "codice": "06",
        "nome": "Friuli-Venezia Giulia"
      },
      "provincia": {
        "codice": "030",
        "nome": "Udine"
      },
      "sigla": "UD",
      "codiceCatastale": "G352",
      "cap": [
        "33037"
      ],
      "popolazione": 9375
    },
    {
      "nome": "Pasiano di Pordenone",
      "codice": "093029",
      "zona": {
        "codice": "2",
        "nome": "Nord-est"
      },
      "regione": {
        "codice": "06",
        "nome": "Friuli-Venezia Giulia"
      },
      "provincia": {
        "codice": "093",
        "nome": "Pordenone"
      },
      "sigla": "PN",
      "codiceCatastale": "G353",
      "cap": [
        "33087"
      ],
      "popolazione": 7843
    },
    {
      "nome": "Paularo",
      "codice": "030073",
      "zona": {
        "codice": "2",
        "nome": "Nord-est"
      },
      "regione": {
        "codice": "06",
        "nome": "Friuli-Venezia Giulia"
      },
      "provincia": {
        "codice": "030",
        "nome": "Udine"
      },
      "sigla": "UD",
      "codiceCatastale": "G381",
      "cap": [
        "33027"
      ],
      "popolazione": 2737
    },
    {
      "nome": "Pavia di Udine",
      "codice": "030074",
      "zona": {
        "codice": "2",
        "nome": "Nord-est"
      },
      "regione": {
        "codice": "06",
        "nome": "Friuli-Venezia Giulia"
      },
      "provincia": {
        "codice": "030",
        "nome": "Udine"
      },
      "sigla": "UD",
      "codiceCatastale": "G389",
      "cap": [
        "33050"
      ],
      "popolazione": 5698
    },
    {
      "nome": "Pinzano al Tagliamento",
      "codice": "093030",
      "zona": {
        "codice": "2",
        "nome": "Nord-est"
      },
      "regione": {
        "codice": "06",
        "nome": "Friuli-Venezia Giulia"
      },
      "provincia": {
        "codice": "093",
        "nome": "Pordenone"
      },
      "sigla": "PN",
      "codiceCatastale": "G680",
      "cap": [
        "33094"
      ],
      "popolazione": 1567
    },
    {
      "nome": "Pocenia",
      "codice": "030075",
      "zona": {
        "codice": "2",
        "nome": "Nord-est"
      },
      "regione": {
        "codice": "06",
        "nome": "Friuli-Venezia Giulia"
      },
      "provincia": {
        "codice": "030",
        "nome": "Udine"
      },
      "sigla": "UD",
      "codiceCatastale": "G743",
      "cap": [
        "33050"
      ],
      "popolazione": 2595
    },
    {
      "nome": "Polcenigo",
      "codice": "093031",
      "zona": {
        "codice": "2",
        "nome": "Nord-est"
      },
      "regione": {
        "codice": "06",
        "nome": "Friuli-Venezia Giulia"
      },
      "provincia": {
        "codice": "093",
        "nome": "Pordenone"
      },
      "sigla": "PN",
      "codiceCatastale": "G780",
      "cap": [
        "33070"
      ],
      "popolazione": 3176
    },
    {
      "nome": "Pontebba",
      "codice": "030076",
      "zona": {
        "codice": "2",
        "nome": "Nord-est"
      },
      "regione": {
        "codice": "06",
        "nome": "Friuli-Venezia Giulia"
      },
      "provincia": {
        "codice": "030",
        "nome": "Udine"
      },
      "sigla": "UD",
      "codiceCatastale": "G831",
      "cap": [
        "33016"
      ],
      "popolazione": 1503
    },
    {
      "nome": "Porcia",
      "codice": "093032",
      "zona": {
        "codice": "2",
        "nome": "Nord-est"
      },
      "regione": {
        "codice": "06",
        "nome": "Friuli-Venezia Giulia"
      },
      "provincia": {
        "codice": "093",
        "nome": "Pordenone"
      },
      "sigla": "PN",
      "codiceCatastale": "G886",
      "cap": [
        "33080"
      ],
      "popolazione": 15251
    },
    {
      "nome": "Pordenone",
      "codice": "093033",
      "zona": {
        "codice": "2",
        "nome": "Nord-est"
      },
      "regione": {
        "codice": "06",
        "nome": "Friuli-Venezia Giulia"
      },
      "provincia": {
        "codice": "093",
        "nome": "Pordenone"
      },
      "sigla": "PN",
      "codiceCatastale": "G888",
      "cap": [
        "33170"
      ],
      "popolazione": 50583
    },
    {
      "nome": "Porpetto",
      "codice": "030077",
      "zona": {
        "codice": "2",
        "nome": "Nord-est"
      },
      "regione": {
        "codice": "06",
        "nome": "Friuli-Venezia Giulia"
      },
      "provincia": {
        "codice": "030",
        "nome": "Udine"
      },
      "sigla": "UD",
      "codiceCatastale": "G891",
      "cap": [
        "33050"
      ],
      "popolazione": 2650
    },
    {
      "nome": "Povoletto",
      "codice": "030078",
      "zona": {
        "codice": "2",
        "nome": "Nord-est"
      },
      "regione": {
        "codice": "06",
        "nome": "Friuli-Venezia Giulia"
      },
      "provincia": {
        "codice": "030",
        "nome": "Udine"
      },
      "sigla": "UD",
      "codiceCatastale": "G949",
      "cap": [
        "33040"
      ],
      "popolazione": 5572
    },
    {
      "nome": "Pozzuolo del Friuli",
      "codice": "030079",
      "zona": {
        "codice": "2",
        "nome": "Nord-est"
      },
      "regione": {
        "codice": "06",
        "nome": "Friuli-Venezia Giulia"
      },
      "provincia": {
        "codice": "030",
        "nome": "Udine"
      },
      "sigla": "UD",
      "codiceCatastale": "G966",
      "cap": [
        "33050"
      ],
      "popolazione": 6880
    },
    {
      "nome": "Pradamano",
      "codice": "030080",
      "zona": {
        "codice": "2",
        "nome": "Nord-est"
      },
      "regione": {
        "codice": "06",
        "nome": "Friuli-Venezia Giulia"
      },
      "provincia": {
        "codice": "030",
        "nome": "Udine"
      },
      "sigla": "UD",
      "codiceCatastale": "G969",
      "cap": [
        "33040"
      ],
      "popolazione": 3536
    },
    {
      "nome": "Prata di Pordenone",
      "codice": "093034",
      "zona": {
        "codice": "2",
        "nome": "Nord-est"
      },
      "regione": {
        "codice": "06",
        "nome": "Friuli-Venezia Giulia"
      },
      "provincia": {
        "codice": "093",
        "nome": "Pordenone"
      },
      "sigla": "PN",
      "codiceCatastale": "G994",
      "cap": [
        "33080"
      ],
      "popolazione": 8451
    },
    {
      "nome": "Prato Carnico",
      "codice": "030081",
      "zona": {
        "codice": "2",
        "nome": "Nord-est"
      },
      "regione": {
        "codice": "06",
        "nome": "Friuli-Venezia Giulia"
      },
      "provincia": {
        "codice": "030",
        "nome": "Udine"
      },
      "sigla": "UD",
      "codiceCatastale": "H002",
      "cap": [
        "33020"
      ],
      "popolazione": 927
    },
    {
      "nome": "Pravisdomini",
      "codice": "093035",
      "zona": {
        "codice": "2",
        "nome": "Nord-est"
      },
      "regione": {
        "codice": "06",
        "nome": "Friuli-Venezia Giulia"
      },
      "provincia": {
        "codice": "093",
        "nome": "Pordenone"
      },
      "sigla": "PN",
      "codiceCatastale": "H010",
      "cap": [
        "33076"
      ],
      "popolazione": 3471
    },
    {
      "nome": "Precenicco",
      "codice": "030082",
      "zona": {
        "codice": "2",
        "nome": "Nord-est"
      },
      "regione": {
        "codice": "06",
        "nome": "Friuli-Venezia Giulia"
      },
      "provincia": {
        "codice": "030",
        "nome": "Udine"
      },
      "sigla": "UD",
      "codiceCatastale": "H014",
      "cap": [
        "33050"
      ],
      "popolazione": 1484
    },
    {
      "nome": "Premariacco",
      "codice": "030083",
      "zona": {
        "codice": "2",
        "nome": "Nord-est"
      },
      "regione": {
        "codice": "06",
        "nome": "Friuli-Venezia Giulia"
      },
      "provincia": {
        "codice": "030",
        "nome": "Udine"
      },
      "sigla": "UD",
      "codiceCatastale": "H029",
      "cap": [
        "33040"
      ],
      "popolazione": 4187
    },
    {
      "nome": "Preone",
      "codice": "030084",
      "zona": {
        "codice": "2",
        "nome": "Nord-est"
      },
      "regione": {
        "codice": "06",
        "nome": "Friuli-Venezia Giulia"
      },
      "provincia": {
        "codice": "030",
        "nome": "Udine"
      },
      "sigla": "UD",
      "codiceCatastale": "H038",
      "cap": [
        "33020"
      ],
      "popolazione": 266
    },
    {
      "nome": "Prepotto",
      "codice": "030085",
      "zona": {
        "codice": "2",
        "nome": "Nord-est"
      },
      "regione": {
        "codice": "06",
        "nome": "Friuli-Venezia Giulia"
      },
      "provincia": {
        "codice": "030",
        "nome": "Udine"
      },
      "sigla": "UD",
      "codiceCatastale": "H040",
      "cap": [
        "33040"
      ],
      "popolazione": 809
    },
    {
      "nome": "Pulfero",
      "codice": "030086",
      "zona": {
        "codice": "2",
        "nome": "Nord-est"
      },
      "regione": {
        "codice": "06",
        "nome": "Friuli-Venezia Giulia"
      },
      "provincia": {
        "codice": "030",
        "nome": "Udine"
      },
      "sigla": "UD",
      "codiceCatastale": "H089",
      "cap": [
        "33046"
      ],
      "popolazione": 1033
    },
    {
      "nome": "Ragogna",
      "codice": "030087",
      "zona": {
        "codice": "2",
        "nome": "Nord-est"
      },
      "regione": {
        "codice": "06",
        "nome": "Friuli-Venezia Giulia"
      },
      "provincia": {
        "codice": "030",
        "nome": "Udine"
      },
      "sigla": "UD",
      "codiceCatastale": "H161",
      "cap": [
        "33030"
      ],
      "popolazione": 3023
    },
    {
      "nome": "Ravascletto",
      "codice": "030088",
      "zona": {
        "codice": "2",
        "nome": "Nord-est"
      },
      "regione": {
        "codice": "06",
        "nome": "Friuli-Venezia Giulia"
      },
      "provincia": {
        "codice": "030",
        "nome": "Udine"
      },
      "sigla": "UD",
      "codiceCatastale": "H196",
      "cap": [
        "33020"
      ],
      "popolazione": 560
    },
    {
      "nome": "Raveo",
      "codice": "030089",
      "zona": {
        "codice": "2",
        "nome": "Nord-est"
      },
      "regione": {
        "codice": "06",
        "nome": "Friuli-Venezia Giulia"
      },
      "provincia": {
        "codice": "030",
        "nome": "Udine"
      },
      "sigla": "UD",
      "codiceCatastale": "H200",
      "cap": [
        "33029"
      ],
      "popolazione": 508
    },
    {
      "nome": "Reana del Rojale",
      "codice": "030090",
      "zona": {
        "codice": "2",
        "nome": "Nord-est"
      },
      "regione": {
        "codice": "06",
        "nome": "Friuli-Venezia Giulia"
      },
      "provincia": {
        "codice": "030",
        "nome": "Udine"
      },
      "sigla": "UD",
      "codiceCatastale": "H206",
      "cap": [
        "33010"
      ],
      "popolazione": 5032
    },
    {
      "nome": "Remanzacco",
      "codice": "030091",
      "zona": {
        "codice": "2",
        "nome": "Nord-est"
      },
      "regione": {
        "codice": "06",
        "nome": "Friuli-Venezia Giulia"
      },
      "provincia": {
        "codice": "030",
        "nome": "Udine"
      },
      "sigla": "UD",
      "codiceCatastale": "H229",
      "cap": [
        "33047"
      ],
      "popolazione": 6066
    },
    {
      "nome": "Resia",
      "codice": "030092",
      "zona": {
        "codice": "2",
        "nome": "Nord-est"
      },
      "regione": {
        "codice": "06",
        "nome": "Friuli-Venezia Giulia"
      },
      "provincia": {
        "codice": "030",
        "nome": "Udine"
      },
      "sigla": "UD",
      "codiceCatastale": "H242",
      "cap": [
        "33010"
      ],
      "popolazione": 1091
    },
    {
      "nome": "Resiutta",
      "codice": "030093",
      "zona": {
        "codice": "2",
        "nome": "Nord-est"
      },
      "regione": {
        "codice": "06",
        "nome": "Friuli-Venezia Giulia"
      },
      "provincia": {
        "codice": "030",
        "nome": "Udine"
      },
      "sigla": "UD",
      "codiceCatastale": "H244",
      "cap": [
        "33010"
      ],
      "popolazione": 315
    },
    {
      "nome": "Rigolato",
      "codice": "030094",
      "zona": {
        "codice": "2",
        "nome": "Nord-est"
      },
      "regione": {
        "codice": "06",
        "nome": "Friuli-Venezia Giulia"
      },
      "provincia": {
        "codice": "030",
        "nome": "Udine"
      },
      "sigla": "UD",
      "codiceCatastale": "H289",
      "cap": [
        "33020"
      ],
      "popolazione": 502
    },
    {
      "nome": "Rive d'Arcano",
      "codice": "030095",
      "zona": {
        "codice": "2",
        "nome": "Nord-est"
      },
      "regione": {
        "codice": "06",
        "nome": "Friuli-Venezia Giulia"
      },
      "provincia": {
        "codice": "030",
        "nome": "Udine"
      },
      "sigla": "UD",
      "codiceCatastale": "H347",
      "cap": [
        "33030"
      ],
      "popolazione": 2479
    },
    {
      "nome": "Rivignano Teor",
      "codice": "030188",
      "zona": {
        "codice": "2",
        "nome": "Nord-est"
      },
      "regione": {
        "codice": "06",
        "nome": "Friuli-Venezia Giulia"
      },
      "provincia": {
        "codice": "030",
        "nome": "Udine"
      },
      "sigla": "UD",
      "codiceCatastale": "M317",
      "cap": [
        "33061"
      ],
      "popolazione": 6403
    },
    {
      "nome": "Romans d'Isonzo",
      "codice": "031015",
      "zona": {
        "codice": "2",
        "nome": "Nord-est"
      },
      "regione": {
        "codice": "06",
        "nome": "Friuli-Venezia Giulia"
      },
      "provincia": {
        "codice": "031",
        "nome": "Gorizia"
      },
      "sigla": "GO",
      "codiceCatastale": "H514",
      "cap": [
        "34076"
      ],
      "popolazione": 3702
    },
    {
      "nome": "Ronchi dei Legionari",
      "codice": "031016",
      "zona": {
        "codice": "2",
        "nome": "Nord-est"
      },
      "regione": {
        "codice": "06",
        "nome": "Friuli-Venezia Giulia"
      },
      "provincia": {
        "codice": "031",
        "nome": "Gorizia"
      },
      "sigla": "GO",
      "codiceCatastale": "H531",
      "cap": [
        "34077"
      ],
      "popolazione": 11960
    },
    {
      "nome": "Ronchis",
      "codice": "030097",
      "zona": {
        "codice": "2",
        "nome": "Nord-est"
      },
      "regione": {
        "codice": "06",
        "nome": "Friuli-Venezia Giulia"
      },
      "provincia": {
        "codice": "030",
        "nome": "Udine"
      },
      "sigla": "UD",
      "codiceCatastale": "H533",
      "cap": [
        "33050"
      ],
      "popolazione": 2054
    },
    {
      "nome": "Roveredo in Piano",
      "codice": "093036",
      "zona": {
        "codice": "2",
        "nome": "Nord-est"
      },
      "regione": {
        "codice": "06",
        "nome": "Friuli-Venezia Giulia"
      },
      "provincia": {
        "codice": "093",
        "nome": "Pordenone"
      },
      "sigla": "PN",
      "codiceCatastale": "H609",
      "cap": [
        "33080"
      ],
      "popolazione": 5779
    },
    {
      "nome": "Ruda",
      "codice": "030098",
      "zona": {
        "codice": "2",
        "nome": "Nord-est"
      },
      "regione": {
        "codice": "06",
        "nome": "Friuli-Venezia Giulia"
      },
      "provincia": {
        "codice": "030",
        "nome": "Udine"
      },
      "sigla": "UD",
      "codiceCatastale": "H629",
      "cap": [
        "33050"
      ],
      "popolazione": 2995
    },
    {
      "nome": "Sacile",
      "codice": "093037",
      "zona": {
        "codice": "2",
        "nome": "Nord-est"
      },
      "regione": {
        "codice": "06",
        "nome": "Friuli-Venezia Giulia"
      },
      "provincia": {
        "codice": "093",
        "nome": "Pordenone"
      },
      "sigla": "PN",
      "codiceCatastale": "H657",
      "cap": [
        "33077"
      ],
      "popolazione": 19897
    },
    {
      "nome": "Sagrado",
      "codice": "031017",
      "zona": {
        "codice": "2",
        "nome": "Nord-est"
      },
      "regione": {
        "codice": "06",
        "nome": "Friuli-Venezia Giulia"
      },
      "provincia": {
        "codice": "031",
        "nome": "Gorizia"
      },
      "sigla": "GO",
      "codiceCatastale": "H665",
      "cap": [
        "34078"
      ],
      "popolazione": 2236
    },
    {
      "nome": "San Canzian d'Isonzo",
      "codice": "031018",
      "zona": {
        "codice": "2",
        "nome": "Nord-est"
      },
      "regione": {
        "codice": "06",
        "nome": "Friuli-Venezia Giulia"
      },
      "provincia": {
        "codice": "031",
        "nome": "Gorizia"
      },
      "sigla": "GO",
      "codiceCatastale": "H787",
      "cap": [
        "34075"
      ],
      "popolazione": 6309
    },
    {
      "nome": "San Daniele del Friuli",
      "codice": "030099",
      "zona": {
        "codice": "2",
        "nome": "Nord-est"
      },
      "regione": {
        "codice": "06",
        "nome": "Friuli-Venezia Giulia"
      },
      "provincia": {
        "codice": "030",
        "nome": "Udine"
      },
      "sigla": "UD",
      "codiceCatastale": "H816",
      "cap": [
        "33038"
      ],
      "popolazione": 8072
    },
    {
      "nome": "San Dorligo della Valle",
      "codice": "032004",
      "zona": {
        "codice": "2",
        "nome": "Nord-est"
      },
      "regione": {
        "codice": "06",
        "nome": "Friuli-Venezia Giulia"
      },
      "provincia": {
        "codice": "032",
        "nome": "Trieste"
      },
      "sigla": "TS",
      "codiceCatastale": "D324",
      "cap": [
        "34018"
      ],
      "popolazione": 5912
    },
    {
      "nome": "San Floriano del Collio",
      "codice": "031019",
      "zona": {
        "codice": "2",
        "nome": "Nord-est"
      },
      "regione": {
        "codice": "06",
        "nome": "Friuli-Venezia Giulia"
      },
      "provincia": {
        "codice": "031",
        "nome": "Gorizia"
      },
      "sigla": "GO",
      "codiceCatastale": "H845",
      "cap": [
        "34070"
      ],
      "popolazione": 798
    },
    {
      "nome": "San Giorgio della Richinvelda",
      "codice": "093038",
      "zona": {
        "codice": "2",
        "nome": "Nord-est"
      },
      "regione": {
        "codice": "06",
        "nome": "Friuli-Venezia Giulia"
      },
      "provincia": {
        "codice": "093",
        "nome": "Pordenone"
      },
      "sigla": "PN",
      "codiceCatastale": "H891",
      "cap": [
        "33095"
      ],
      "popolazione": 4530
    },
    {
      "nome": "San Giorgio di Nogaro",
      "codice": "030100",
      "zona": {
        "codice": "2",
        "nome": "Nord-est"
      },
      "regione": {
        "codice": "06",
        "nome": "Friuli-Venezia Giulia"
      },
      "provincia": {
        "codice": "030",
        "nome": "Udine"
      },
      "sigla": "UD",
      "codiceCatastale": "H895",
      "cap": [
        "33058"
      ],
      "popolazione": 7681
    },
    {
      "nome": "San Giovanni al Natisone",
      "codice": "030101",
      "zona": {
        "codice": "2",
        "nome": "Nord-est"
      },
      "regione": {
        "codice": "06",
        "nome": "Friuli-Venezia Giulia"
      },
      "provincia": {
        "codice": "030",
        "nome": "Udine"
      },
      "sigla": "UD",
      "codiceCatastale": "H906",
      "cap": [
        "33048"
      ],
      "popolazione": 6117
    },
    {
      "nome": "San Leonardo",
      "codice": "030102",
      "zona": {
        "codice": "2",
        "nome": "Nord-est"
      },
      "regione": {
        "codice": "06",
        "nome": "Friuli-Venezia Giulia"
      },
      "provincia": {
        "codice": "030",
        "nome": "Udine"
      },
      "sigla": "UD",
      "codiceCatastale": "H951",
      "cap": [
        "33040"
      ],
      "popolazione": 1161
    },
    {
      "nome": "San Lorenzo Isontino",
      "codice": "031020",
      "zona": {
        "codice": "2",
        "nome": "Nord-est"
      },
      "regione": {
        "codice": "06",
        "nome": "Friuli-Venezia Giulia"
      },
      "provincia": {
        "codice": "031",
        "nome": "Gorizia"
      },
      "sigla": "GO",
      "codiceCatastale": "H964",
      "cap": [
        "34070"
      ],
      "popolazione": 1548
    },
    {
      "nome": "San Martino al Tagliamento",
      "codice": "093039",
      "zona": {
        "codice": "2",
        "nome": "Nord-est"
      },
      "regione": {
        "codice": "06",
        "nome": "Friuli-Venezia Giulia"
      },
      "provincia": {
        "codice": "093",
        "nome": "Pordenone"
      },
      "sigla": "PN",
      "codiceCatastale": "H999",
      "cap": [
        "33098"
      ],
      "popolazione": 1496
    },
    {
      "nome": "San Pier d'Isonzo",
      "codice": "031021",
      "zona": {
        "codice": "2",
        "nome": "Nord-est"
      },
      "regione": {
        "codice": "06",
        "nome": "Friuli-Venezia Giulia"
      },
      "provincia": {
        "codice": "031",
        "nome": "Gorizia"
      },
      "sigla": "GO",
      "codiceCatastale": "I082",
      "cap": [
        "34070"
      ],
      "popolazione": 2019
    },
    {
      "nome": "San Pietro al Natisone",
      "codice": "030103",
      "zona": {
        "codice": "2",
        "nome": "Nord-est"
      },
      "regione": {
        "codice": "06",
        "nome": "Friuli-Venezia Giulia"
      },
      "provincia": {
        "codice": "030",
        "nome": "Udine"
      },
      "sigla": "UD",
      "codiceCatastale": "I092",
      "cap": [
        "33049"
      ],
      "popolazione": 2223
    },
    {
      "nome": "San Quirino",
      "codice": "093040",
      "zona": {
        "codice": "2",
        "nome": "Nord-est"
      },
      "regione": {
        "codice": "06",
        "nome": "Friuli-Venezia Giulia"
      },
      "provincia": {
        "codice": "093",
        "nome": "Pordenone"
      },
      "sigla": "PN",
      "codiceCatastale": "I136",
      "cap": [
        "33080"
      ],
      "popolazione": 4274
    },
    {
      "nome": "San Vito al Tagliamento",
      "codice": "093041",
      "zona": {
        "codice": "2",
        "nome": "Nord-est"
      },
      "regione": {
        "codice": "06",
        "nome": "Friuli-Venezia Giulia"
      },
      "provincia": {
        "codice": "093",
        "nome": "Pordenone"
      },
      "sigla": "PN",
      "codiceCatastale": "I403",
      "cap": [
        "33078"
      ],
      "popolazione": 15011
    },
    {
      "nome": "San Vito al Torre",
      "codice": "030105",
      "zona": {
        "codice": "2",
        "nome": "Nord-est"
      },
      "regione": {
        "codice": "06",
        "nome": "Friuli-Venezia Giulia"
      },
      "provincia": {
        "codice": "030",
        "nome": "Udine"
      },
      "sigla": "UD",
      "codiceCatastale": "I404",
      "cap": [
        "33050"
      ],
      "popolazione": 1333
    },
    {
      "nome": "San Vito di Fagagna",
      "codice": "030106",
      "zona": {
        "codice": "2",
        "nome": "Nord-est"
      },
      "regione": {
        "codice": "06",
        "nome": "Friuli-Venezia Giulia"
      },
      "provincia": {
        "codice": "030",
        "nome": "Udine"
      },
      "sigla": "UD",
      "codiceCatastale": "I405",
      "cap": [
        "33030"
      ],
      "popolazione": 1682
    },
    {
      "nome": "Santa Maria la Longa",
      "codice": "030104",
      "zona": {
        "codice": "2",
        "nome": "Nord-est"
      },
      "regione": {
        "codice": "06",
        "nome": "Friuli-Venezia Giulia"
      },
      "provincia": {
        "codice": "030",
        "nome": "Udine"
      },
      "sigla": "UD",
      "codiceCatastale": "I248",
      "cap": [
        "33050"
      ],
      "popolazione": 2417
    },
    {
      "nome": "Sappada",
      "codice": "030189",
      "zona": {
        "codice": "2",
        "nome": "Nord-est"
      },
      "regione": {
        "codice": "06",
        "nome": "Friuli-Venezia Giulia"
      },
      "provincia": {
        "codice": "030",
        "nome": "Udine"
      },
      "sigla": "UD",
      "codiceCatastale": "I421",
      "cap": [
        "33012"
      ],
      "popolazione": 1306
    },
    {
      "nome": "Sauris",
      "codice": "030107",
      "zona": {
        "codice": "2",
        "nome": "Nord-est"
      },
      "regione": {
        "codice": "06",
        "nome": "Friuli-Venezia Giulia"
      },
      "provincia": {
        "codice": "030",
        "nome": "Udine"
      },
      "sigla": "UD",
      "codiceCatastale": "I464",
      "cap": [
        "33020"
      ],
      "popolazione": 419
    },
    {
      "nome": "Savogna",
      "codice": "030108",
      "zona": {
        "codice": "2",
        "nome": "Nord-est"
      },
      "regione": {
        "codice": "06",
        "nome": "Friuli-Venezia Giulia"
      },
      "provincia": {
        "codice": "030",
        "nome": "Udine"
      },
      "sigla": "UD",
      "codiceCatastale": "I478",
      "cap": [
        "33040"
      ],
      "popolazione": 482
    },
    {
      "nome": "Savogna d'Isonzo",
      "codice": "031022",
      "zona": {
        "codice": "2",
        "nome": "Nord-est"
      },
      "regione": {
        "codice": "06",
        "nome": "Friuli-Venezia Giulia"
      },
      "provincia": {
        "codice": "031",
        "nome": "Gorizia"
      },
      "sigla": "GO",
      "codiceCatastale": "I479",
      "cap": [
        "34070"
      ],
      "popolazione": 1727
    },
    {
      "nome": "Sedegliano",
      "codice": "030109",
      "zona": {
        "codice": "2",
        "nome": "Nord-est"
      },
      "regione": {
        "codice": "06",
        "nome": "Friuli-Venezia Giulia"
      },
      "provincia": {
        "codice": "030",
        "nome": "Udine"
      },
      "sigla": "UD",
      "codiceCatastale": "I562",
      "cap": [
        "33039"
      ],
      "popolazione": 3937
    },
    {
      "nome": "Sequals",
      "codice": "093042",
      "zona": {
        "codice": "2",
        "nome": "Nord-est"
      },
      "regione": {
        "codice": "06",
        "nome": "Friuli-Venezia Giulia"
      },
      "provincia": {
        "codice": "093",
        "nome": "Pordenone"
      },
      "sigla": "PN",
      "codiceCatastale": "I621",
      "cap": [
        "33090"
      ],
      "popolazione": 2221
    },
    {
      "nome": "Sesto al Reghena",
      "codice": "093043",
      "zona": {
        "codice": "2",
        "nome": "Nord-est"
      },
      "regione": {
        "codice": "06",
        "nome": "Friuli-Venezia Giulia"
      },
      "provincia": {
        "codice": "093",
        "nome": "Pordenone"
      },
      "sigla": "PN",
      "codiceCatastale": "I686",
      "cap": [
        "33079"
      ],
      "popolazione": 6319
    },
    {
      "nome": "Sgonico",
      "codice": "032005",
      "zona": {
        "codice": "2",
        "nome": "Nord-est"
      },
      "regione": {
        "codice": "06",
        "nome": "Friuli-Venezia Giulia"
      },
      "provincia": {
        "codice": "032",
        "nome": "Trieste"
      },
      "sigla": "TS",
      "codiceCatastale": "I715",
      "cap": [
        "34010"
      ],
      "popolazione": 2077
    },
    {
      "nome": "Socchieve",
      "codice": "030110",
      "zona": {
        "codice": "2",
        "nome": "Nord-est"
      },
      "regione": {
        "codice": "06",
        "nome": "Friuli-Venezia Giulia"
      },
      "provincia": {
        "codice": "030",
        "nome": "Udine"
      },
      "sigla": "UD",
      "codiceCatastale": "I777",
      "cap": [
        "33020"
      ],
      "popolazione": 941
    },
    {
      "nome": "Spilimbergo",
      "codice": "093044",
      "zona": {
        "codice": "2",
        "nome": "Nord-est"
      },
      "regione": {
        "codice": "06",
        "nome": "Friuli-Venezia Giulia"
      },
      "provincia": {
        "codice": "093",
        "nome": "Pordenone"
      },
      "sigla": "PN",
      "codiceCatastale": "I904",
      "cap": [
        "33097"
      ],
      "popolazione": 11902
    },
    {
      "nome": "Staranzano",
      "codice": "031023",
      "zona": {
        "codice": "2",
        "nome": "Nord-est"
      },
      "regione": {
        "codice": "06",
        "nome": "Friuli-Venezia Giulia"
      },
      "provincia": {
        "codice": "031",
        "nome": "Gorizia"
      },
      "sigla": "GO",
      "codiceCatastale": "I939",
      "cap": [
        "34079"
      ],
      "popolazione": 7199
    },
    {
      "nome": "Stregna",
      "codice": "030111",
      "zona": {
        "codice": "2",
        "nome": "Nord-est"
      },
      "regione": {
        "codice": "06",
        "nome": "Friuli-Venezia Giulia"
      },
      "provincia": {
        "codice": "030",
        "nome": "Udine"
      },
      "sigla": "UD",
      "codiceCatastale": "I974",
      "cap": [
        "33040"
      ],
      "popolazione": 398
    },
    {
      "nome": "Sutrio",
      "codice": "030112",
      "zona": {
        "codice": "2",
        "nome": "Nord-est"
      },
      "regione": {
        "codice": "06",
        "nome": "Friuli-Venezia Giulia"
      },
      "provincia": {
        "codice": "030",
        "nome": "Udine"
      },
      "sigla": "UD",
      "codiceCatastale": "L018",
      "cap": [
        "33020"
      ],
      "popolazione": 1371
    },
    {
      "nome": "Taipana",
      "codice": "030113",
      "zona": {
        "codice": "2",
        "nome": "Nord-est"
      },
      "regione": {
        "codice": "06",
        "nome": "Friuli-Venezia Giulia"
      },
      "provincia": {
        "codice": "030",
        "nome": "Udine"
      },
      "sigla": "UD",
      "codiceCatastale": "G736",
      "cap": [
        "33040"
      ],
      "popolazione": 679
    },
    {
      "nome": "Talmassons",
      "codice": "030114",
      "zona": {
        "codice": "2",
        "nome": "Nord-est"
      },
      "regione": {
        "codice": "06",
        "nome": "Friuli-Venezia Giulia"
      },
      "provincia": {
        "codice": "030",
        "nome": "Udine"
      },
      "sigla": "UD",
      "codiceCatastale": "L039",
      "cap": [
        "33030"
      ],
      "popolazione": 4144
    },
    {
      "nome": "Tarcento",
      "codice": "030116",
      "zona": {
        "codice": "2",
        "nome": "Nord-est"
      },
      "regione": {
        "codice": "06",
        "nome": "Friuli-Venezia Giulia"
      },
      "provincia": {
        "codice": "030",
        "nome": "Udine"
      },
      "sigla": "UD",
      "codiceCatastale": "L050",
      "cap": [
        "33017"
      ],
      "popolazione": 9095
    },
    {
      "nome": "Tarvisio",
      "codice": "030117",
      "zona": {
        "codice": "2",
        "nome": "Nord-est"
      },
      "regione": {
        "codice": "06",
        "nome": "Friuli-Venezia Giulia"
      },
      "provincia": {
        "codice": "030",
        "nome": "Udine"
      },
      "sigla": "UD",
      "codiceCatastale": "L057",
      "cap": [
        "33018"
      ],
      "popolazione": 4577
    },
    {
      "nome": "Tavagnacco",
      "codice": "030118",
      "zona": {
        "codice": "2",
        "nome": "Nord-est"
      },
      "regione": {
        "codice": "06",
        "nome": "Friuli-Venezia Giulia"
      },
      "provincia": {
        "codice": "030",
        "nome": "Udine"
      },
      "sigla": "UD",
      "codiceCatastale": "L065",
      "cap": [
        "33010"
      ],
      "popolazione": 14262
    },
    {
      "nome": "Terzo d'Aquileia",
      "codice": "030120",
      "zona": {
        "codice": "2",
        "nome": "Nord-est"
      },
      "regione": {
        "codice": "06",
        "nome": "Friuli-Venezia Giulia"
      },
      "provincia": {
        "codice": "030",
        "nome": "Udine"
      },
      "sigla": "UD",
      "codiceCatastale": "L144",
      "cap": [
        "33050"
      ],
      "popolazione": 2881
    },
    {
      "nome": "Tolmezzo",
      "codice": "030121",
      "zona": {
        "codice": "2",
        "nome": "Nord-est"
      },
      "regione": {
        "codice": "06",
        "nome": "Friuli-Venezia Giulia"
      },
      "provincia": {
        "codice": "030",
        "nome": "Udine"
      },
      "sigla": "UD",
      "codiceCatastale": "L195",
      "cap": [
        "33028"
      ],
      "popolazione": 10570
    },
    {
      "nome": "Torreano",
      "codice": "030122",
      "zona": {
        "codice": "2",
        "nome": "Nord-est"
      },
      "regione": {
        "codice": "06",
        "nome": "Friuli-Venezia Giulia"
      },
      "provincia": {
        "codice": "030",
        "nome": "Udine"
      },
      "sigla": "UD",
      "codiceCatastale": "L246",
      "cap": [
        "33040"
      ],
      "popolazione": 2213
    },
    {
      "nome": "Torviscosa",
      "codice": "030123",
      "zona": {
        "codice": "2",
        "nome": "Nord-est"
      },
      "regione": {
        "codice": "06",
        "nome": "Friuli-Venezia Giulia"
      },
      "provincia": {
        "codice": "030",
        "nome": "Udine"
      },
      "sigla": "UD",
      "codiceCatastale": "L309",
      "cap": [
        "33050"
      ],
      "popolazione": 2969
    },
    {
      "nome": "Tramonti di Sopra",
      "codice": "093045",
      "zona": {
        "codice": "2",
        "nome": "Nord-est"
      },
      "regione": {
        "codice": "06",
        "nome": "Friuli-Venezia Giulia"
      },
      "provincia": {
        "codice": "093",
        "nome": "Pordenone"
      },
      "sigla": "PN",
      "codiceCatastale": "L324",
      "cap": [
        "33090"
      ],
      "popolazione": 358
    },
    {
      "nome": "Tramonti di Sotto",
      "codice": "093046",
      "zona": {
        "codice": "2",
        "nome": "Nord-est"
      },
      "regione": {
        "codice": "06",
        "nome": "Friuli-Venezia Giulia"
      },
      "provincia": {
        "codice": "093",
        "nome": "Pordenone"
      },
      "sigla": "PN",
      "codiceCatastale": "L325",
      "cap": [
        "33090"
      ],
      "popolazione": 410
    },
    {
      "nome": "Trasaghis",
      "codice": "030124",
      "zona": {
        "codice": "2",
        "nome": "Nord-est"
      },
      "regione": {
        "codice": "06",
        "nome": "Friuli-Venezia Giulia"
      },
      "provincia": {
        "codice": "030",
        "nome": "Udine"
      },
      "sigla": "UD",
      "codiceCatastale": "L335",
      "cap": [
        "33010"
      ],
      "popolazione": 2298
    },
    {
      "nome": "Travesio",
      "codice": "093047",
      "zona": {
        "codice": "2",
        "nome": "Nord-est"
      },
      "regione": {
        "codice": "06",
        "nome": "Friuli-Venezia Giulia"
      },
      "provincia": {
        "codice": "093",
        "nome": "Pordenone"
      },
      "sigla": "PN",
      "codiceCatastale": "L347",
      "cap": [
        "33090"
      ],
      "popolazione": 1814
    },
    {
      "nome": "Treppo Grande",
      "codice": "030126",
      "zona": {
        "codice": "2",
        "nome": "Nord-est"
      },
      "regione": {
        "codice": "06",
        "nome": "Friuli-Venezia Giulia"
      },
      "provincia": {
        "codice": "030",
        "nome": "Udine"
      },
      "sigla": "UD",
      "codiceCatastale": "L382",
      "cap": [
        "33010"
      ],
      "popolazione": 1741
    },
    {
      "nome": "Treppo Ligosullo",
      "codice": "030191",
      "zona": {
        "codice": "2",
        "nome": "Nord-est"
      },
      "regione": {
        "codice": "06",
        "nome": "Friuli-Venezia Giulia"
      },
      "provincia": {
        "codice": "030",
        "nome": "Udine"
      },
      "sigla": "UD",
      "codiceCatastale": "M399",
      "cap": [
        "33014"
      ],
      "popolazione": 784
    },
    {
      "nome": "Tricesimo",
      "codice": "030127",
      "zona": {
        "codice": "2",
        "nome": "Nord-est"
      },
      "regione": {
        "codice": "06",
        "nome": "Friuli-Venezia Giulia"
      },
      "provincia": {
        "codice": "030",
        "nome": "Udine"
      },
      "sigla": "UD",
      "codiceCatastale": "L421",
      "cap": [
        "33019"
      ],
      "popolazione": 7609
    },
    {
      "nome": "Trieste",
      "codice": "032006",
      "zona": {
        "codice": "2",
        "nome": "Nord-est"
      },
      "regione": {
        "codice": "06",
        "nome": "Friuli-Venezia Giulia"
      },
      "provincia": {
        "codice": "032",
        "nome": "Trieste"
      },
      "sigla": "TS",
      "codiceCatastale": "L424",
      "cap": [
        "34121",
        "34122",
        "34123",
        "34124",
        "34125",
        "34126",
        "34127",
        "34128",
        "34129",
        "34130",
        "34131",
        "34132",
        "34133",
        "34134",
        "34135",
        "34136",
        "34137",
        "34138",
        "34139",
        "34140",
        "34141",
        "34142",
        "34143",
        "34144",
        "34145",
        "34146",
        "34147",
        "34148",
        "34149",
        "34150",
        "34151"
      ],
      "popolazione": 202123
    },
    {
      "nome": "Trivignano Udinese",
      "codice": "030128",
      "zona": {
        "codice": "2",
        "nome": "Nord-est"
      },
      "regione": {
        "codice": "06",
        "nome": "Friuli-Venezia Giulia"
      },
      "provincia": {
        "codice": "030",
        "nome": "Udine"
      },
      "sigla": "UD",
      "codiceCatastale": "L438",
      "cap": [
        "33050"
      ],
      "popolazione": 1689
    },
    {
      "nome": "Turriaco",
      "codice": "031024",
      "zona": {
        "codice": "2",
        "nome": "Nord-est"
      },
      "regione": {
        "codice": "06",
        "nome": "Friuli-Venezia Giulia"
      },
      "provincia": {
        "codice": "031",
        "nome": "Gorizia"
      },
      "sigla": "GO",
      "codiceCatastale": "L474",
      "cap": [
        "34070"
      ],
      "popolazione": 2780
    },
    {
      "nome": "Udine",
      "codice": "030129",
      "zona": {
        "codice": "2",
        "nome": "Nord-est"
      },
      "regione": {
        "codice": "06",
        "nome": "Friuli-Venezia Giulia"
      },
      "provincia": {
        "codice": "030",
        "nome": "Udine"
      },
      "sigla": "UD",
      "codiceCatastale": "L483",
      "cap": [
        "33100"
      ],
      "popolazione": 98287
    },
    {
      "nome": "Vajont",
      "codice": "093052",
      "zona": {
        "codice": "2",
        "nome": "Nord-est"
      },
      "regione": {
        "codice": "06",
        "nome": "Friuli-Venezia Giulia"
      },
      "provincia": {
        "codice": "093",
        "nome": "Pordenone"
      },
      "sigla": "PN",
      "codiceCatastale": "M265",
      "cap": [
        "33080"
      ],
      "popolazione": 1715
    },
    {
      "nome": "Valvasone Arzene",
      "codice": "093053",
      "zona": {
        "codice": "2",
        "nome": "Nord-est"
      },
      "regione": {
        "codice": "06",
        "nome": "Friuli-Venezia Giulia"
      },
      "provincia": {
        "codice": "093",
        "nome": "Pordenone"
      },
      "sigla": "PN",
      "codiceCatastale": "M346",
      "cap": [
        "33098"
      ],
      "popolazione": 3967
    },
    {
      "nome": "Varmo",
      "codice": "030130",
      "zona": {
        "codice": "2",
        "nome": "Nord-est"
      },
      "regione": {
        "codice": "06",
        "nome": "Friuli-Venezia Giulia"
      },
      "provincia": {
        "codice": "030",
        "nome": "Udine"
      },
      "sigla": "UD",
      "codiceCatastale": "L686",
      "cap": [
        "33030"
      ],
      "popolazione": 2830
    },
    {
      "nome": "Venzone",
      "codice": "030131",
      "zona": {
        "codice": "2",
        "nome": "Nord-est"
      },
      "regione": {
        "codice": "06",
        "nome": "Friuli-Venezia Giulia"
      },
      "provincia": {
        "codice": "030",
        "nome": "Udine"
      },
      "sigla": "UD",
      "codiceCatastale": "L743",
      "cap": [
        "33010"
      ],
      "popolazione": 2230
    },
    {
      "nome": "Verzegnis",
      "codice": "030132",
      "zona": {
        "codice": "2",
        "nome": "Nord-est"
      },
      "regione": {
        "codice": "06",
        "nome": "Friuli-Venezia Giulia"
      },
      "provincia": {
        "codice": "030",
        "nome": "Udine"
      },
      "sigla": "UD",
      "codiceCatastale": "L801",
      "cap": [
        "33020"
      ],
      "popolazione": 906
    },
    {
      "nome": "Villa Santina",
      "codice": "030133",
      "zona": {
        "codice": "2",
        "nome": "Nord-est"
      },
      "regione": {
        "codice": "06",
        "nome": "Friuli-Venezia Giulia"
      },
      "provincia": {
        "codice": "030",
        "nome": "Udine"
      },
      "sigla": "UD",
      "codiceCatastale": "L909",
      "cap": [
        "33029"
      ],
      "popolazione": 2222
    },
    {
      "nome": "Villesse",
      "codice": "031025",
      "zona": {
        "codice": "2",
        "nome": "Nord-est"
      },
      "regione": {
        "codice": "06",
        "nome": "Friuli-Venezia Giulia"
      },
      "provincia": {
        "codice": "031",
        "nome": "Gorizia"
      },
      "sigla": "GO",
      "codiceCatastale": "M043",
      "cap": [
        "34070"
      ],
      "popolazione": 1717
    },
    {
      "nome": "Visco",
      "codice": "030135",
      "zona": {
        "codice": "2",
        "nome": "Nord-est"
      },
      "regione": {
        "codice": "06",
        "nome": "Friuli-Venezia Giulia"
      },
      "provincia": {
        "codice": "030",
        "nome": "Udine"
      },
      "sigla": "UD",
      "codiceCatastale": "M073",
      "cap": [
        "33040"
      ],
      "popolazione": 775
    },
    {
      "nome": "Vito d'Asio",
      "codice": "093049",
      "zona": {
        "codice": "2",
        "nome": "Nord-est"
      },
      "regione": {
        "codice": "06",
        "nome": "Friuli-Venezia Giulia"
      },
      "provincia": {
        "codice": "093",
        "nome": "Pordenone"
      },
      "sigla": "PN",
      "codiceCatastale": "M085",
      "cap": [
        "33090"
      ],
      "popolazione": 818
    },
    {
      "nome": "Vivaro",
      "codice": "093050",
      "zona": {
        "codice": "2",
        "nome": "Nord-est"
      },
      "regione": {
        "codice": "06",
        "nome": "Friuli-Venezia Giulia"
      },
      "provincia": {
        "codice": "093",
        "nome": "Pordenone"
      },
      "sigla": "PN",
      "codiceCatastale": "M096",
      "cap": [
        "33099"
      ],
      "popolazione": 1399
    },
    {
      "nome": "Zoppola",
      "codice": "093051",
      "zona": {
        "codice": "2",
        "nome": "Nord-est"
      },
      "regione": {
        "codice": "06",
        "nome": "Friuli-Venezia Giulia"
      },
      "provincia": {
        "codice": "093",
        "nome": "Pordenone"
      },
      "sigla": "PN",
      "codiceCatastale": "M190",
      "cap": [
        "33080"
      ],
      "popolazione": 8419
    },
    {
      "nome": "Zuglio",
      "codice": "030136",
      "zona": {
        "codice": "2",
        "nome": "Nord-est"
      },
      "regione": {
        "codice": "06",
        "nome": "Friuli-Venezia Giulia"
      },
      "provincia": {
        "codice": "030",
        "nome": "Udine"
      },
      "sigla": "UD",
      "codiceCatastale": "M200",
      "cap": [
        "33020"
      ],
      "popolazione": 606
    }
  ]