[
    {
      "nome": "Airole",
      "codice": "008001",
      "zona": {
        "codice": "1",
        "nome": "Nord-ovest"
      },
      "regione": {
        "codice": "07",
        "nome": "Liguria"
      },
      "provincia": {
        "codice": "008",
        "nome": "Imperia"
      },
      "sigla": "IM",
      "codiceCatastale": "A111",
      "cap": [
        "18030"
      ],
      "popolazione": 461
    },
    {
      "nome": "Alassio",
      "codice": "009001",
      "zona": {
        "codice": "1",
        "nome": "Nord-ovest"
      },
      "regione": {
        "codice": "07",
        "nome": "Liguria"
      },
      "provincia": {
        "codice": "009",
        "nome": "Savona"
      },
      "sigla": "SV",
      "codiceCatastale": "A122",
      "cap": [
        "17021"
      ],
      "popolazione": 11026
    },
    {
      "nome": "Albenga",
      "codice": "009002",
      "zona": {
        "codice": "1",
        "nome": "Nord-ovest"
      },
      "regione": {
        "codice": "07",
        "nome": "Liguria"
      },
      "provincia": {
        "codice": "009",
        "nome": "Savona"
      },
      "sigla": "SV",
      "codiceCatastale": "A145",
      "cap": [
        "17031"
      ],
      "popolazione": 23576
    },
    {
      "nome": "Albisola Superiore",
      "codice": "009004",
      "zona": {
        "codice": "1",
        "nome": "Nord-ovest"
      },
      "regione": {
        "codice": "07",
        "nome": "Liguria"
      },
      "provincia": {
        "codice": "009",
        "nome": "Savona"
      },
      "sigla": "SV",
      "codiceCatastale": "A166",
      "cap": [
        "17011"
      ],
      "popolazione": 10407
    },
    {
      "nome": "Albissola Marina",
      "codice": "009003",
      "zona": {
        "codice": "1",
        "nome": "Nord-ovest"
      },
      "regione": {
        "codice": "07",
        "nome": "Liguria"
      },
      "provincia": {
        "codice": "009",
        "nome": "Savona"
      },
      "sigla": "SV",
      "codiceCatastale": "A165",
      "cap": [
        "17012"
      ],
      "popolazione": 5564
    },
    {
      "nome": "Altare",
      "codice": "009005",
      "zona": {
        "codice": "1",
        "nome": "Nord-ovest"
      },
      "regione": {
        "codice": "07",
        "nome": "Liguria"
      },
      "provincia": {
        "codice": "009",
        "nome": "Savona"
      },
      "sigla": "SV",
      "codiceCatastale": "A226",
      "cap": [
        "17041"
      ],
      "popolazione": 2127
    },
    {
      "nome": "Ameglia",
      "codice": "011001",
      "zona": {
        "codice": "1",
        "nome": "Nord-ovest"
      },
      "regione": {
        "codice": "07",
        "nome": "Liguria"
      },
      "provincia": {
        "codice": "011",
        "nome": "La Spezia"
      },
      "sigla": "SP",
      "codiceCatastale": "A261",
      "cap": [
        "19031"
      ],
      "popolazione": 4484
    },
    {
      "nome": "Andora",
      "codice": "009006",
      "zona": {
        "codice": "1",
        "nome": "Nord-ovest"
      },
      "regione": {
        "codice": "07",
        "nome": "Liguria"
      },
      "provincia": {
        "codice": "009",
        "nome": "Savona"
      },
      "sigla": "SV",
      "codiceCatastale": "A278",
      "cap": [
        "17051"
      ],
      "popolazione": 7470
    },
    {
      "nome": "Apricale",
      "codice": "008002",
      "zona": {
        "codice": "1",
        "nome": "Nord-ovest"
      },
      "regione": {
        "codice": "07",
        "nome": "Liguria"
      },
      "provincia": {
        "codice": "008",
        "nome": "Imperia"
      },
      "sigla": "IM",
      "codiceCatastale": "A338",
      "cap": [
        "18035"
      ],
      "popolazione": 625
    },
    {
      "nome": "Aquila d'Arroscia",
      "codice": "008003",
      "zona": {
        "codice": "1",
        "nome": "Nord-ovest"
      },
      "regione": {
        "codice": "07",
        "nome": "Liguria"
      },
      "provincia": {
        "codice": "008",
        "nome": "Imperia"
      },
      "sigla": "IM",
      "codiceCatastale": "A344",
      "cap": [
        "18020"
      ],
      "popolazione": 176
    },
    {
      "nome": "Arcola",
      "codice": "011002",
      "zona": {
        "codice": "1",
        "nome": "Nord-ovest"
      },
      "regione": {
        "codice": "07",
        "nome": "Liguria"
      },
      "provincia": {
        "codice": "011",
        "nome": "La Spezia"
      },
      "sigla": "SP",
      "codiceCatastale": "A373",
      "cap": [
        "19021"
      ],
      "popolazione": 10316
    },
    {
      "nome": "Arenzano",
      "codice": "010001",
      "zona": {
        "codice": "1",
        "nome": "Nord-ovest"
      },
      "regione": {
        "codice": "07",
        "nome": "Liguria"
      },
      "provincia": {
        "codice": "010",
        "nome": "Genova"
      },
      "sigla": "GE",
      "codiceCatastale": "A388",
      "cap": [
        "16011"
      ],
      "popolazione": 11584
    },
    {
      "nome": "Armo",
      "codice": "008004",
      "zona": {
        "codice": "1",
        "nome": "Nord-ovest"
      },
      "regione": {
        "codice": "07",
        "nome": "Liguria"
      },
      "provincia": {
        "codice": "008",
        "nome": "Imperia"
      },
      "sigla": "IM",
      "codiceCatastale": "A418",
      "cap": [
        "18026"
      ],
      "popolazione": 124
    },
    {
      "nome": "Arnasco",
      "codice": "009007",
      "zona": {
        "codice": "1",
        "nome": "Nord-ovest"
      },
      "regione": {
        "codice": "07",
        "nome": "Liguria"
      },
      "provincia": {
        "codice": "009",
        "nome": "Savona"
      },
      "sigla": "SV",
      "codiceCatastale": "A422",
      "cap": [
        "17032"
      ],
      "popolazione": 630
    },
    {
      "nome": "Aurigo",
      "codice": "008005",
      "zona": {
        "codice": "1",
        "nome": "Nord-ovest"
      },
      "regione": {
        "codice": "07",
        "nome": "Liguria"
      },
      "provincia": {
        "codice": "008",
        "nome": "Imperia"
      },
      "sigla": "IM",
      "codiceCatastale": "A499",
      "cap": [
        "18020"
      ],
      "popolazione": 346
    },
    {
      "nome": "Avegno",
      "codice": "010002",
      "zona": {
        "codice": "1",
        "nome": "Nord-ovest"
      },
      "regione": {
        "codice": "07",
        "nome": "Liguria"
      },
      "provincia": {
        "codice": "010",
        "nome": "Genova"
      },
      "sigla": "GE",
      "codiceCatastale": "A506",
      "cap": [
        "16036"
      ],
      "popolazione": 2539
    },
    {
      "nome": "Badalucco",
      "codice": "008006",
      "zona": {
        "codice": "1",
        "nome": "Nord-ovest"
      },
      "regione": {
        "codice": "07",
        "nome": "Liguria"
      },
      "provincia": {
        "codice": "008",
        "nome": "Imperia"
      },
      "sigla": "IM",
      "codiceCatastale": "A536",
      "cap": [
        "18010"
      ],
      "popolazione": 1190
    },
    {
      "nome": "Bajardo",
      "codice": "008007",
      "zona": {
        "codice": "1",
        "nome": "Nord-ovest"
      },
      "regione": {
        "codice": "07",
        "nome": "Liguria"
      },
      "provincia": {
        "codice": "008",
        "nome": "Imperia"
      },
      "sigla": "IM",
      "codiceCatastale": "A581",
      "cap": [
        "18031"
      ],
      "popolazione": 312
    },
    {
      "nome": "Balestrino",
      "codice": "009008",
      "zona": {
        "codice": "1",
        "nome": "Nord-ovest"
      },
      "regione": {
        "codice": "07",
        "nome": "Liguria"
      },
      "provincia": {
        "codice": "009",
        "nome": "Savona"
      },
      "sigla": "SV",
      "codiceCatastale": "A593",
      "cap": [
        "17020"
      ],
      "popolazione": 597
    },
    {
      "nome": "Bardineto",
      "codice": "009009",
      "zona": {
        "codice": "1",
        "nome": "Nord-ovest"
      },
      "regione": {
        "codice": "07",
        "nome": "Liguria"
      },
      "provincia": {
        "codice": "009",
        "nome": "Savona"
      },
      "sigla": "SV",
      "codiceCatastale": "A647",
      "cap": [
        "17057"
      ],
      "popolazione": 697
    },
    {
      "nome": "Bargagli",
      "codice": "010003",
      "zona": {
        "codice": "1",
        "nome": "Nord-ovest"
      },
      "regione": {
        "codice": "07",
        "nome": "Liguria"
      },
      "provincia": {
        "codice": "010",
        "nome": "Genova"
      },
      "sigla": "GE",
      "codiceCatastale": "A658",
      "cap": [
        "16021"
      ],
      "popolazione": 2810
    },
    {
      "nome": "Bergeggi",
      "codice": "009010",
      "zona": {
        "codice": "1",
        "nome": "Nord-ovest"
      },
      "regione": {
        "codice": "07",
        "nome": "Liguria"
      },
      "provincia": {
        "codice": "009",
        "nome": "Savona"
      },
      "sigla": "SV",
      "codiceCatastale": "A796",
      "cap": [
        "17028"
      ],
      "popolazione": 1126
    },
    {
      "nome": "Beverino",
      "codice": "011003",
      "zona": {
        "codice": "1",
        "nome": "Nord-ovest"
      },
      "regione": {
        "codice": "07",
        "nome": "Liguria"
      },
      "provincia": {
        "codice": "011",
        "nome": "La Spezia"
      },
      "sigla": "SP",
      "codiceCatastale": "A836",
      "cap": [
        "19020"
      ],
      "popolazione": 2403
    },
    {
      "nome": "Bogliasco",
      "codice": "010004",
      "zona": {
        "codice": "1",
        "nome": "Nord-ovest"
      },
      "regione": {
        "codice": "07",
        "nome": "Liguria"
      },
      "provincia": {
        "codice": "010",
        "nome": "Genova"
      },
      "sigla": "GE",
      "codiceCatastale": "A922",
      "cap": [
        "16031"
      ],
      "popolazione": 4486
    },
    {
      "nome": "Boissano",
      "codice": "009011",
      "zona": {
        "codice": "1",
        "nome": "Nord-ovest"
      },
      "regione": {
        "codice": "07",
        "nome": "Liguria"
      },
      "provincia": {
        "codice": "009",
        "nome": "Savona"
      },
      "sigla": "SV",
      "codiceCatastale": "A931",
      "cap": [
        "17054"
      ],
      "popolazione": 2437
    },
    {
      "nome": "Bolano",
      "codice": "011004",
      "zona": {
        "codice": "1",
        "nome": "Nord-ovest"
      },
      "regione": {
        "codice": "07",
        "nome": "Liguria"
      },
      "provincia": {
        "codice": "011",
        "nome": "La Spezia"
      },
      "sigla": "SP",
      "codiceCatastale": "A932",
      "cap": [
        "19020"
      ],
      "popolazione": 7759
    },
    {
      "nome": "Bonassola",
      "codice": "011005",
      "zona": {
        "codice": "1",
        "nome": "Nord-ovest"
      },
      "regione": {
        "codice": "07",
        "nome": "Liguria"
      },
      "provincia": {
        "codice": "011",
        "nome": "La Spezia"
      },
      "sigla": "SP",
      "codiceCatastale": "A961",
      "cap": [
        "19011"
      ],
      "popolazione": 995
    },
    {
      "nome": "Bordighera",
      "codice": "008008",
      "zona": {
        "codice": "1",
        "nome": "Nord-ovest"
      },
      "regione": {
        "codice": "07",
        "nome": "Liguria"
      },
      "provincia": {
        "codice": "008",
        "nome": "Imperia"
      },
      "sigla": "IM",
      "codiceCatastale": "A984",
      "cap": [
        "18012"
      ],
      "popolazione": 10416
    },
    {
      "nome": "Borghetto Santo Spirito",
      "codice": "009012",
      "zona": {
        "codice": "1",
        "nome": "Nord-ovest"
      },
      "regione": {
        "codice": "07",
        "nome": "Liguria"
      },
      "provincia": {
        "codice": "009",
        "nome": "Savona"
      },
      "sigla": "SV",
      "codiceCatastale": "A999",
      "cap": [
        "17052"
      ],
      "popolazione": 5154
    },
    {
      "nome": "Borghetto d'Arroscia",
      "codice": "008009",
      "zona": {
        "codice": "1",
        "nome": "Nord-ovest"
      },
      "regione": {
        "codice": "07",
        "nome": "Liguria"
      },
      "provincia": {
        "codice": "008",
        "nome": "Imperia"
      },
      "sigla": "IM",
      "codiceCatastale": "A993",
      "cap": [
        "18020"
      ],
      "popolazione": 463
    },
    {
      "nome": "Borghetto di Vara",
      "codice": "011006",
      "zona": {
        "codice": "1",
        "nome": "Nord-ovest"
      },
      "regione": {
        "codice": "07",
        "nome": "Liguria"
      },
      "provincia": {
        "codice": "011",
        "nome": "La Spezia"
      },
      "sigla": "SP",
      "codiceCatastale": "A992",
      "cap": [
        "19020"
      ],
      "popolazione": 1008
    },
    {
      "nome": "Borgio Verezzi",
      "codice": "009013",
      "zona": {
        "codice": "1",
        "nome": "Nord-ovest"
      },
      "regione": {
        "codice": "07",
        "nome": "Liguria"
      },
      "provincia": {
        "codice": "009",
        "nome": "Savona"
      },
      "sigla": "SV",
      "codiceCatastale": "B005",
      "cap": [
        "17022"
      ],
      "popolazione": 2327
    },
    {
      "nome": "Borgomaro",
      "codice": "008010",
      "zona": {
        "codice": "1",
        "nome": "Nord-ovest"
      },
      "regione": {
        "codice": "07",
        "nome": "Liguria"
      },
      "provincia": {
        "codice": "008",
        "nome": "Imperia"
      },
      "sigla": "IM",
      "codiceCatastale": "B020",
      "cap": [
        "18021"
      ],
      "popolazione": 873
    },
    {
      "nome": "Bormida",
      "codice": "009014",
      "zona": {
        "codice": "1",
        "nome": "Nord-ovest"
      },
      "regione": {
        "codice": "07",
        "nome": "Liguria"
      },
      "provincia": {
        "codice": "009",
        "nome": "Savona"
      },
      "sigla": "SV",
      "codiceCatastale": "B048",
      "cap": [
        "17045"
      ],
      "popolazione": 401
    },
    {
      "nome": "Borzonasca",
      "codice": "010005",
      "zona": {
        "codice": "1",
        "nome": "Nord-ovest"
      },
      "regione": {
        "codice": "07",
        "nome": "Liguria"
      },
      "provincia": {
        "codice": "010",
        "nome": "Genova"
      },
      "sigla": "GE",
      "codiceCatastale": "B067",
      "cap": [
        "16041"
      ],
      "popolazione": 2124
    },
    {
      "nome": "Brugnato",
      "codice": "011007",
      "zona": {
        "codice": "1",
        "nome": "Nord-ovest"
      },
      "regione": {
        "codice": "07",
        "nome": "Liguria"
      },
      "provincia": {
        "codice": "011",
        "nome": "La Spezia"
      },
      "sigla": "SP",
      "codiceCatastale": "B214",
      "cap": [
        "19020"
      ],
      "popolazione": 1266
    },
    {
      "nome": "Busalla",
      "codice": "010006",
      "zona": {
        "codice": "1",
        "nome": "Nord-ovest"
      },
      "regione": {
        "codice": "07",
        "nome": "Liguria"
      },
      "provincia": {
        "codice": "010",
        "nome": "Genova"
      },
      "sigla": "GE",
      "codiceCatastale": "B282",
      "cap": [
        "16012"
      ],
      "popolazione": 5741
    },
    {
      "nome": "Cairo Montenotte",
      "codice": "009015",
      "zona": {
        "codice": "1",
        "nome": "Nord-ovest"
      },
      "regione": {
        "codice": "07",
        "nome": "Liguria"
      },
      "provincia": {
        "codice": "009",
        "nome": "Savona"
      },
      "sigla": "SV",
      "codiceCatastale": "B369",
      "cap": [
        "17014"
      ],
      "popolazione": 13237
    },
    {
      "nome": "Calice Ligure",
      "codice": "009016",
      "zona": {
        "codice": "1",
        "nome": "Nord-ovest"
      },
      "regione": {
        "codice": "07",
        "nome": "Liguria"
      },
      "provincia": {
        "codice": "009",
        "nome": "Savona"
      },
      "sigla": "SV",
      "codiceCatastale": "B409",
      "cap": [
        "17020"
      ],
      "popolazione": 1683
    },
    {
      "nome": "Calice al Cornoviglio",
      "codice": "011008",
      "zona": {
        "codice": "1",
        "nome": "Nord-ovest"
      },
      "regione": {
        "codice": "07",
        "nome": "Liguria"
      },
      "provincia": {
        "codice": "011",
        "nome": "La Spezia"
      },
      "sigla": "SP",
      "codiceCatastale": "B410",
      "cap": [
        "19020"
      ],
      "popolazione": 1146
    },
    {
      "nome": "Calizzano",
      "codice": "009017",
      "zona": {
        "codice": "1",
        "nome": "Nord-ovest"
      },
      "regione": {
        "codice": "07",
        "nome": "Liguria"
      },
      "provincia": {
        "codice": "009",
        "nome": "Savona"
      },
      "sigla": "SV",
      "codiceCatastale": "B416",
      "cap": [
        "17057"
      ],
      "popolazione": 1550
    },
    {
      "nome": "Camogli",
      "codice": "010007",
      "zona": {
        "codice": "1",
        "nome": "Nord-ovest"
      },
      "regione": {
        "codice": "07",
        "nome": "Liguria"
      },
      "provincia": {
        "codice": "010",
        "nome": "Genova"
      },
      "sigla": "GE",
      "codiceCatastale": "B490",
      "cap": [
        "16032"
      ],
      "popolazione": 5481
    },
    {
      "nome": "Campo Ligure",
      "codice": "010008",
      "zona": {
        "codice": "1",
        "nome": "Nord-ovest"
      },
      "regione": {
        "codice": "07",
        "nome": "Liguria"
      },
      "provincia": {
        "codice": "010",
        "nome": "Genova"
      },
      "sigla": "GE",
      "codiceCatastale": "B538",
      "cap": [
        "16013"
      ],
      "popolazione": 3045
    },
    {
      "nome": "Campomorone",
      "codice": "010009",
      "zona": {
        "codice": "1",
        "nome": "Nord-ovest"
      },
      "regione": {
        "codice": "07",
        "nome": "Liguria"
      },
      "provincia": {
        "codice": "010",
        "nome": "Genova"
      },
      "sigla": "GE",
      "codiceCatastale": "B551",
      "cap": [
        "16014"
      ],
      "popolazione": 7306
    },
    {
      "nome": "Camporosso",
      "codice": "008011",
      "zona": {
        "codice": "1",
        "nome": "Nord-ovest"
      },
      "regione": {
        "codice": "07",
        "nome": "Liguria"
      },
      "provincia": {
        "codice": "008",
        "nome": "Imperia"
      },
      "sigla": "IM",
      "codiceCatastale": "B559",
      "cap": [
        "18033"
      ],
      "popolazione": 5419
    },
    {
      "nome": "Carasco",
      "codice": "010010",
      "zona": {
        "codice": "1",
        "nome": "Nord-ovest"
      },
      "regione": {
        "codice": "07",
        "nome": "Liguria"
      },
      "provincia": {
        "codice": "010",
        "nome": "Genova"
      },
      "sigla": "GE",
      "codiceCatastale": "B726",
      "cap": [
        "16042"
      ],
      "popolazione": 3649
    },
    {
      "nome": "Caravonica",
      "codice": "008012",
      "zona": {
        "codice": "1",
        "nome": "Nord-ovest"
      },
      "regione": {
        "codice": "07",
        "nome": "Liguria"
      },
      "provincia": {
        "codice": "008",
        "nome": "Imperia"
      },
      "sigla": "IM",
      "codiceCatastale": "B734",
      "cap": [
        "18020"
      ],
      "popolazione": 303
    },
    {
      "nome": "Carcare",
      "codice": "009018",
      "zona": {
        "codice": "1",
        "nome": "Nord-ovest"
      },
      "regione": {
        "codice": "07",
        "nome": "Liguria"
      },
      "provincia": {
        "codice": "009",
        "nome": "Savona"
      },
      "sigla": "SV",
      "codiceCatastale": "B748",
      "cap": [
        "17043"
      ],
      "popolazione": 5605
    },
    {
      "nome": "Carro",
      "codice": "011009",
      "zona": {
        "codice": "1",
        "nome": "Nord-ovest"
      },
      "regione": {
        "codice": "07",
        "nome": "Liguria"
      },
      "provincia": {
        "codice": "011",
        "nome": "La Spezia"
      },
      "sigla": "SP",
      "codiceCatastale": "B838",
      "cap": [
        "19012"
      ],
      "popolazione": 580
    },
    {
      "nome": "Carrodano",
      "codice": "011010",
      "zona": {
        "codice": "1",
        "nome": "Nord-ovest"
      },
      "regione": {
        "codice": "07",
        "nome": "Liguria"
      },
      "provincia": {
        "codice": "011",
        "nome": "La Spezia"
      },
      "sigla": "SP",
      "codiceCatastale": "B839",
      "cap": [
        "19020"
      ],
      "popolazione": 521
    },
    {
      "nome": "Casanova Lerrone",
      "codice": "009019",
      "zona": {
        "codice": "1",
        "nome": "Nord-ovest"
      },
      "regione": {
        "codice": "07",
        "nome": "Liguria"
      },
      "provincia": {
        "codice": "009",
        "nome": "Savona"
      },
      "sigla": "SV",
      "codiceCatastale": "B927",
      "cap": [
        "17033"
      ],
      "popolazione": 744
    },
    {
      "nome": "Casarza Ligure",
      "codice": "010011",
      "zona": {
        "codice": "1",
        "nome": "Nord-ovest"
      },
      "regione": {
        "codice": "07",
        "nome": "Liguria"
      },
      "provincia": {
        "codice": "010",
        "nome": "Genova"
      },
      "sigla": "GE",
      "codiceCatastale": "B939",
      "cap": [
        "16030"
      ],
      "popolazione": 6708
    },
    {
      "nome": "Casella",
      "codice": "010012",
      "zona": {
        "codice": "1",
        "nome": "Nord-ovest"
      },
      "regione": {
        "codice": "07",
        "nome": "Liguria"
      },
      "provincia": {
        "codice": "010",
        "nome": "Genova"
      },
      "sigla": "GE",
      "codiceCatastale": "B956",
      "cap": [
        "16015"
      ],
      "popolazione": 3232
    },
    {
      "nome": "Castel Vittorio",
      "codice": "008015",
      "zona": {
        "codice": "1",
        "nome": "Nord-ovest"
      },
      "regione": {
        "codice": "07",
        "nome": "Liguria"
      },
      "provincia": {
        "codice": "008",
        "nome": "Imperia"
      },
      "sigla": "IM",
      "codiceCatastale": "C110",
      "cap": [
        "18030"
      ],
      "popolazione": 329
    },
    {
      "nome": "Castelbianco",
      "codice": "009020",
      "zona": {
        "codice": "1",
        "nome": "Nord-ovest"
      },
      "regione": {
        "codice": "07",
        "nome": "Liguria"
      },
      "provincia": {
        "codice": "009",
        "nome": "Savona"
      },
      "sigla": "SV",
      "codiceCatastale": "C063",
      "cap": [
        "17030"
      ],
      "popolazione": 321
    },
    {
      "nome": "Castellaro",
      "codice": "008014",
      "zona": {
        "codice": "1",
        "nome": "Nord-ovest"
      },
      "regione": {
        "codice": "07",
        "nome": "Liguria"
      },
      "provincia": {
        "codice": "008",
        "nome": "Imperia"
      },
      "sigla": "IM",
      "codiceCatastale": "C143",
      "cap": [
        "18011"
      ],
      "popolazione": 1233
    },
    {
      "nome": "Castelnuovo Magra",
      "codice": "011011",
      "zona": {
        "codice": "1",
        "nome": "Nord-ovest"
      },
      "regione": {
        "codice": "07",
        "nome": "Liguria"
      },
      "provincia": {
        "codice": "011",
        "nome": "La Spezia"
      },
      "sigla": "SP",
      "codiceCatastale": "C240",
      "cap": [
        "19033"
      ],
      "popolazione": 8269
    },
    {
      "nome": "Castelvecchio di Rocca Barbena",
      "codice": "009021",
      "zona": {
        "codice": "1",
        "nome": "Nord-ovest"
      },
      "regione": {
        "codice": "07",
        "nome": "Liguria"
      },
      "provincia": {
        "codice": "009",
        "nome": "Savona"
      },
      "sigla": "SV",
      "codiceCatastale": "C276",
      "cap": [
        "17034"
      ],
      "popolazione": 172
    },
    {
      "nome": "Castiglione Chiavarese",
      "codice": "010013",
      "zona": {
        "codice": "1",
        "nome": "Nord-ovest"
      },
      "regione": {
        "codice": "07",
        "nome": "Liguria"
      },
      "provincia": {
        "codice": "010",
        "nome": "Genova"
      },
      "sigla": "GE",
      "codiceCatastale": "C302",
      "cap": [
        "16030"
      ],
      "popolazione": 1642
    },
    {
      "nome": "Celle Ligure",
      "codice": "009022",
      "zona": {
        "codice": "1",
        "nome": "Nord-ovest"
      },
      "regione": {
        "codice": "07",
        "nome": "Liguria"
      },
      "provincia": {
        "codice": "009",
        "nome": "Savona"
      },
      "sigla": "SV",
      "codiceCatastale": "C443",
      "cap": [
        "17015"
      ],
      "popolazione": 5353
    },
    {
      "nome": "Cengio",
      "codice": "009023",
      "zona": {
        "codice": "1",
        "nome": "Nord-ovest"
      },
      "regione": {
        "codice": "07",
        "nome": "Liguria"
      },
      "provincia": {
        "codice": "009",
        "nome": "Savona"
      },
      "sigla": "SV",
      "codiceCatastale": "C463",
      "cap": [
        "17056"
      ],
      "popolazione": 3678
    },
    {
      "nome": "Ceranesi",
      "codice": "010014",
      "zona": {
        "codice": "1",
        "nome": "Nord-ovest"
      },
      "regione": {
        "codice": "07",
        "nome": "Liguria"
      },
      "provincia": {
        "codice": "010",
        "nome": "Genova"
      },
      "sigla": "GE",
      "codiceCatastale": "C481",
      "cap": [
        "16014"
      ],
      "popolazione": 4006
    },
    {
      "nome": "Ceriale",
      "codice": "009024",
      "zona": {
        "codice": "1",
        "nome": "Nord-ovest"
      },
      "regione": {
        "codice": "07",
        "nome": "Liguria"
      },
      "provincia": {
        "codice": "009",
        "nome": "Savona"
      },
      "sigla": "SV",
      "codiceCatastale": "C510",
      "cap": [
        "17023"
      ],
      "popolazione": 5815
    },
    {
      "nome": "Ceriana",
      "codice": "008016",
      "zona": {
        "codice": "1",
        "nome": "Nord-ovest"
      },
      "regione": {
        "codice": "07",
        "nome": "Liguria"
      },
      "provincia": {
        "codice": "008",
        "nome": "Imperia"
      },
      "sigla": "IM",
      "codiceCatastale": "C511",
      "cap": [
        "18034"
      ],
      "popolazione": 1253
    },
    {
      "nome": "Cervo",
      "codice": "008017",
      "zona": {
        "codice": "1",
        "nome": "Nord-ovest"
      },
      "regione": {
        "codice": "07",
        "nome": "Liguria"
      },
      "provincia": {
        "codice": "008",
        "nome": "Imperia"
      },
      "sigla": "IM",
      "codiceCatastale": "C559",
      "cap": [
        "18010"
      ],
      "popolazione": 1128
    },
    {
      "nome": "Cesio",
      "codice": "008018",
      "zona": {
        "codice": "1",
        "nome": "Nord-ovest"
      },
      "regione": {
        "codice": "07",
        "nome": "Liguria"
      },
      "provincia": {
        "codice": "008",
        "nome": "Imperia"
      },
      "sigla": "IM",
      "codiceCatastale": "C578",
      "cap": [
        "18022"
      ],
      "popolazione": 286
    },
    {
      "nome": "Chiavari",
      "codice": "010015",
      "zona": {
        "codice": "1",
        "nome": "Nord-ovest"
      },
      "regione": {
        "codice": "07",
        "nome": "Liguria"
      },
      "provincia": {
        "codice": "010",
        "nome": "Genova"
      },
      "sigla": "GE",
      "codiceCatastale": "C621",
      "cap": [
        "16043"
      ],
      "popolazione": 27338
    },
    {
      "nome": "Chiusanico",
      "codice": "008019",
      "zona": {
        "codice": "1",
        "nome": "Nord-ovest"
      },
      "regione": {
        "codice": "07",
        "nome": "Liguria"
      },
      "provincia": {
        "codice": "008",
        "nome": "Imperia"
      },
      "sigla": "IM",
      "codiceCatastale": "C657",
      "cap": [
        "18027"
      ],
      "popolazione": 603
    },
    {
      "nome": "Chiusavecchia",
      "codice": "008020",
      "zona": {
        "codice": "1",
        "nome": "Nord-ovest"
      },
      "regione": {
        "codice": "07",
        "nome": "Liguria"
      },
      "provincia": {
        "codice": "008",
        "nome": "Imperia"
      },
      "sigla": "IM",
      "codiceCatastale": "C660",
      "cap": [
        "18027"
      ],
      "popolazione": 565
    },
    {
      "nome": "Cicagna",
      "codice": "010016",
      "zona": {
        "codice": "1",
        "nome": "Nord-ovest"
      },
      "regione": {
        "codice": "07",
        "nome": "Liguria"
      },
      "provincia": {
        "codice": "010",
        "nome": "Genova"
      },
      "sigla": "GE",
      "codiceCatastale": "C673",
      "cap": [
        "16044"
      ],
      "popolazione": 2566
    },
    {
      "nome": "Cipressa",
      "codice": "008021",
      "zona": {
        "codice": "1",
        "nome": "Nord-ovest"
      },
      "regione": {
        "codice": "07",
        "nome": "Liguria"
      },
      "provincia": {
        "codice": "008",
        "nome": "Imperia"
      },
      "sigla": "IM",
      "codiceCatastale": "C718",
      "cap": [
        "18017"
      ],
      "popolazione": 1271
    },
    {
      "nome": "Cisano sul Neva",
      "codice": "009025",
      "zona": {
        "codice": "1",
        "nome": "Nord-ovest"
      },
      "regione": {
        "codice": "07",
        "nome": "Liguria"
      },
      "provincia": {
        "codice": "009",
        "nome": "Savona"
      },
      "sigla": "SV",
      "codiceCatastale": "C729",
      "cap": [
        "17035"
      ],
      "popolazione": 1964
    },
    {
      "nome": "Civezza",
      "codice": "008022",
      "zona": {
        "codice": "1",
        "nome": "Nord-ovest"
      },
      "regione": {
        "codice": "07",
        "nome": "Liguria"
      },
      "provincia": {
        "codice": "008",
        "nome": "Imperia"
      },
      "sigla": "IM",
      "codiceCatastale": "C755",
      "cap": [
        "18017"
      ],
      "popolazione": 640
    },
    {
      "nome": "Cogoleto",
      "codice": "010017",
      "zona": {
        "codice": "1",
        "nome": "Nord-ovest"
      },
      "regione": {
        "codice": "07",
        "nome": "Liguria"
      },
      "provincia": {
        "codice": "010",
        "nome": "Genova"
      },
      "sigla": "GE",
      "codiceCatastale": "C823",
      "cap": [
        "16016"
      ],
      "popolazione": 9145
    },
    {
      "nome": "Cogorno",
      "codice": "010018",
      "zona": {
        "codice": "1",
        "nome": "Nord-ovest"
      },
      "regione": {
        "codice": "07",
        "nome": "Liguria"
      },
      "provincia": {
        "codice": "010",
        "nome": "Genova"
      },
      "sigla": "GE",
      "codiceCatastale": "C826",
      "cap": [
        "16030"
      ],
      "popolazione": 5641
    },
    {
      "nome": "Coreglia Ligure",
      "codice": "010019",
      "zona": {
        "codice": "1",
        "nome": "Nord-ovest"
      },
      "regione": {
        "codice": "07",
        "nome": "Liguria"
      },
      "provincia": {
        "codice": "010",
        "nome": "Genova"
      },
      "sigla": "GE",
      "codiceCatastale": "C995",
      "cap": [
        "16040"
      ],
      "popolazione": 274
    },
    {
      "nome": "Cosio d'Arroscia",
      "codice": "008023",
      "zona": {
        "codice": "1",
        "nome": "Nord-ovest"
      },
      "regione": {
        "codice": "07",
        "nome": "Liguria"
      },
      "provincia": {
        "codice": "008",
        "nome": "Imperia"
      },
      "sigla": "IM",
      "codiceCatastale": "D087",
      "cap": [
        "18023"
      ],
      "popolazione": 248
    },
    {
      "nome": "Cosseria",
      "codice": "009026",
      "zona": {
        "codice": "1",
        "nome": "Nord-ovest"
      },
      "regione": {
        "codice": "07",
        "nome": "Liguria"
      },
      "provincia": {
        "codice": "009",
        "nome": "Savona"
      },
      "sigla": "SV",
      "codiceCatastale": "D095",
      "cap": [
        "17017"
      ],
      "popolazione": 1080
    },
    {
      "nome": "Costarainera",
      "codice": "008024",
      "zona": {
        "codice": "1",
        "nome": "Nord-ovest"
      },
      "regione": {
        "codice": "07",
        "nome": "Liguria"
      },
      "provincia": {
        "codice": "008",
        "nome": "Imperia"
      },
      "sigla": "IM",
      "codiceCatastale": "D114",
      "cap": [
        "18017"
      ],
      "popolazione": 803
    },
    {
      "nome": "Crocefieschi",
      "codice": "010020",
      "zona": {
        "codice": "1",
        "nome": "Nord-ovest"
      },
      "regione": {
        "codice": "07",
        "nome": "Liguria"
      },
      "provincia": {
        "codice": "010",
        "nome": "Genova"
      },
      "sigla": "GE",
      "codiceCatastale": "D175",
      "cap": [
        "16010"
      ],
      "popolazione": 561
    },
    {
      "nome": "Davagna",
      "codice": "010021",
      "zona": {
        "codice": "1",
        "nome": "Nord-ovest"
      },
      "regione": {
        "codice": "07",
        "nome": "Liguria"
      },
      "provincia": {
        "codice": "010",
        "nome": "Genova"
      },
      "sigla": "GE",
      "codiceCatastale": "D255",
      "cap": [
        "16022"
      ],
      "popolazione": 1927
    },
    {
      "nome": "Dego",
      "codice": "009027",
      "zona": {
        "codice": "1",
        "nome": "Nord-ovest"
      },
      "regione": {
        "codice": "07",
        "nome": "Liguria"
      },
      "provincia": {
        "codice": "009",
        "nome": "Savona"
      },
      "sigla": "SV",
      "codiceCatastale": "D264",
      "cap": [
        "17058"
      ],
      "popolazione": 2003
    },
    {
      "nome": "Deiva Marina",
      "codice": "011012",
      "zona": {
        "codice": "1",
        "nome": "Nord-ovest"
      },
      "regione": {
        "codice": "07",
        "nome": "Liguria"
      },
      "provincia": {
        "codice": "011",
        "nome": "La Spezia"
      },
      "sigla": "SP",
      "codiceCatastale": "D265",
      "cap": [
        "19013"
      ],
      "popolazione": 1438
    },
    {
      "nome": "Diano Arentino",
      "codice": "008025",
      "zona": {
        "codice": "1",
        "nome": "Nord-ovest"
      },
      "regione": {
        "codice": "07",
        "nome": "Liguria"
      },
      "provincia": {
        "codice": "008",
        "nome": "Imperia"
      },
      "sigla": "IM",
      "codiceCatastale": "D293",
      "cap": [
        "18013"
      ],
      "popolazione": 678
    },
    {
      "nome": "Diano Castello",
      "codice": "008026",
      "zona": {
        "codice": "1",
        "nome": "Nord-ovest"
      },
      "regione": {
        "codice": "07",
        "nome": "Liguria"
      },
      "provincia": {
        "codice": "008",
        "nome": "Imperia"
      },
      "sigla": "IM",
      "codiceCatastale": "D296",
      "cap": [
        "18013"
      ],
      "popolazione": 2257
    },
    {
      "nome": "Diano Marina",
      "codice": "008027",
      "zona": {
        "codice": "1",
        "nome": "Nord-ovest"
      },
      "regione": {
        "codice": "07",
        "nome": "Liguria"
      },
      "provincia": {
        "codice": "008",
        "nome": "Imperia"
      },
      "sigla": "IM",
      "codiceCatastale": "D297",
      "cap": [
        "18013"
      ],
      "popolazione": 6004
    },
    {
      "nome": "Diano San Pietro",
      "codice": "008028",
      "zona": {
        "codice": "1",
        "nome": "Nord-ovest"
      },
      "regione": {
        "codice": "07",
        "nome": "Liguria"
      },
      "provincia": {
        "codice": "008",
        "nome": "Imperia"
      },
      "sigla": "IM",
      "codiceCatastale": "D298",
      "cap": [
        "18013"
      ],
      "popolazione": 1101
    },
    {
      "nome": "Dolceacqua",
      "codice": "008029",
      "zona": {
        "codice": "1",
        "nome": "Nord-ovest"
      },
      "regione": {
        "codice": "07",
        "nome": "Liguria"
      },
      "provincia": {
        "codice": "008",
        "nome": "Imperia"
      },
      "sigla": "IM",
      "codiceCatastale": "D318",
      "cap": [
        "18035"
      ],
      "popolazione": 1990
    },
    {
      "nome": "Dolcedo",
      "codice": "008030",
      "zona": {
        "codice": "1",
        "nome": "Nord-ovest"
      },
      "regione": {
        "codice": "07",
        "nome": "Liguria"
      },
      "provincia": {
        "codice": "008",
        "nome": "Imperia"
      },
      "sigla": "IM",
      "codiceCatastale": "D319",
      "cap": [
        "18020"
      ],
      "popolazione": 1451
    },
    {
      "nome": "Erli",
      "codice": "009028",
      "zona": {
        "codice": "1",
        "nome": "Nord-ovest"
      },
      "regione": {
        "codice": "07",
        "nome": "Liguria"
      },
      "provincia": {
        "codice": "009",
        "nome": "Savona"
      },
      "sigla": "SV",
      "codiceCatastale": "D424",
      "cap": [
        "17030"
      ],
      "popolazione": 256
    },
    {
      "nome": "Fascia",
      "codice": "010022",
      "zona": {
        "codice": "1",
        "nome": "Nord-ovest"
      },
      "regione": {
        "codice": "07",
        "nome": "Liguria"
      },
      "provincia": {
        "codice": "010",
        "nome": "Genova"
      },
      "sigla": "GE",
      "codiceCatastale": "D509",
      "cap": [
        "16020"
      ],
      "popolazione": 100
    },
    {
      "nome": "Favale di Malvaro",
      "codice": "010023",
      "zona": {
        "codice": "1",
        "nome": "Nord-ovest"
      },
      "regione": {
        "codice": "07",
        "nome": "Liguria"
      },
      "provincia": {
        "codice": "010",
        "nome": "Genova"
      },
      "sigla": "GE",
      "codiceCatastale": "D512",
      "cap": [
        "16040"
      ],
      "popolazione": 504
    },
    {
      "nome": "Finale Ligure",
      "codice": "009029",
      "zona": {
        "codice": "1",
        "nome": "Nord-ovest"
      },
      "regione": {
        "codice": "07",
        "nome": "Liguria"
      },
      "provincia": {
        "codice": "009",
        "nome": "Savona"
      },
      "sigla": "SV",
      "codiceCatastale": "D600",
      "cap": [
        "17024"
      ],
      "popolazione": 11724
    },
    {
      "nome": "Follo",
      "codice": "011013",
      "zona": {
        "codice": "1",
        "nome": "Nord-ovest"
      },
      "regione": {
        "codice": "07",
        "nome": "Liguria"
      },
      "provincia": {
        "codice": "011",
        "nome": "La Spezia"
      },
      "sigla": "SP",
      "codiceCatastale": "D655",
      "cap": [
        "19020"
      ],
      "popolazione": 6337
    },
    {
      "nome": "Fontanigorda",
      "codice": "010024",
      "zona": {
        "codice": "1",
        "nome": "Nord-ovest"
      },
      "regione": {
        "codice": "07",
        "nome": "Liguria"
      },
      "provincia": {
        "codice": "010",
        "nome": "Genova"
      },
      "sigla": "GE",
      "codiceCatastale": "D677",
      "cap": [
        "16023"
      ],
      "popolazione": 274
    },
    {
      "nome": "Framura",
      "codice": "011014",
      "zona": {
        "codice": "1",
        "nome": "Nord-ovest"
      },
      "regione": {
        "codice": "07",
        "nome": "Liguria"
      },
      "provincia": {
        "codice": "011",
        "nome": "La Spezia"
      },
      "sigla": "SP",
      "codiceCatastale": "D758",
      "cap": [
        "19014"
      ],
      "popolazione": 683
    },
    {
      "nome": "Garlenda",
      "codice": "009030",
      "zona": {
        "codice": "1",
        "nome": "Nord-ovest"
      },
      "regione": {
        "codice": "07",
        "nome": "Liguria"
      },
      "provincia": {
        "codice": "009",
        "nome": "Savona"
      },
      "sigla": "SV",
      "codiceCatastale": "D927",
      "cap": [
        "17033"
      ],
      "popolazione": 1214
    },
    {
      "nome": "Genova",
      "codice": "010025",
      "zona": {
        "codice": "1",
        "nome": "Nord-ovest"
      },
      "regione": {
        "codice": "07",
        "nome": "Liguria"
      },
      "provincia": {
        "codice": "010",
        "nome": "Genova"
      },
      "sigla": "GE",
      "codiceCatastale": "D969",
      "cap": [
        "16121",
        "16122",
        "16123",
        "16124",
        "16125",
        "16126",
        "16127",
        "16128",
        "16129",
        "16130",
        "16131",
        "16132",
        "16133",
        "16134",
        "16135",
        "16136",
        "16137",
        "16138",
        "16139",
        "16140",
        "16141",
        "16142",
        "16143",
        "16144",
        "16145",
        "16146",
        "16147",
        "16148",
        "16149",
        "16150",
        "16151",
        "16152",
        "16153",
        "16154",
        "16155",
        "16156",
        "16157",
        "16158",
        "16159",
        "16160",
        "16161",
        "16162",
        "16163",
        "16164",
        "16165",
        "16166",
        "16167"
      ],
      "popolazione": 586180
    },
    {
      "nome": "Giustenice",
      "codice": "009031",
      "zona": {
        "codice": "1",
        "nome": "Nord-ovest"
      },
      "regione": {
        "codice": "07",
        "nome": "Liguria"
      },
      "provincia": {
        "codice": "009",
        "nome": "Savona"
      },
      "sigla": "SV",
      "codiceCatastale": "E064",
      "cap": [
        "17027"
      ],
      "popolazione": 946
    },
    {
      "nome": "Giusvalla",
      "codice": "009032",
      "zona": {
        "codice": "1",
        "nome": "Nord-ovest"
      },
      "regione": {
        "codice": "07",
        "nome": "Liguria"
      },
      "provincia": {
        "codice": "009",
        "nome": "Savona"
      },
      "sigla": "SV",
      "codiceCatastale": "E066",
      "cap": [
        "17010"
      ],
      "popolazione": 460
    },
    {
      "nome": "Gorreto",
      "codice": "010026",
      "zona": {
        "codice": "1",
        "nome": "Nord-ovest"
      },
      "regione": {
        "codice": "07",
        "nome": "Liguria"
      },
      "provincia": {
        "codice": "010",
        "nome": "Genova"
      },
      "sigla": "GE",
      "codiceCatastale": "E109",
      "cap": [
        "16020"
      ],
      "popolazione": 107
    },
    {
      "nome": "Imperia",
      "codice": "008031",
      "zona": {
        "codice": "1",
        "nome": "Nord-ovest"
      },
      "regione": {
        "codice": "07",
        "nome": "Liguria"
      },
      "provincia": {
        "codice": "008",
        "nome": "Imperia"
      },
      "sigla": "IM",
      "codiceCatastale": "E290",
      "cap": [
        "18100"
      ],
      "popolazione": 42322
    },
    {
      "nome": "Isola del Cantone",
      "codice": "010027",
      "zona": {
        "codice": "1",
        "nome": "Nord-ovest"
      },
      "regione": {
        "codice": "07",
        "nome": "Liguria"
      },
      "provincia": {
        "codice": "010",
        "nome": "Genova"
      },
      "sigla": "GE",
      "codiceCatastale": "E341",
      "cap": [
        "16017"
      ],
      "popolazione": 1535
    },
    {
      "nome": "Isolabona",
      "codice": "008032",
      "zona": {
        "codice": "1",
        "nome": "Nord-ovest"
      },
      "regione": {
        "codice": "07",
        "nome": "Liguria"
      },
      "provincia": {
        "codice": "008",
        "nome": "Imperia"
      },
      "sigla": "IM",
      "codiceCatastale": "E346",
      "cap": [
        "18035"
      ],
      "popolazione": 678
    },
    {
      "nome": "La Spezia",
      "codice": "011015",
      "zona": {
        "codice": "1",
        "nome": "Nord-ovest"
      },
      "regione": {
        "codice": "07",
        "nome": "Liguria"
      },
      "provincia": {
        "codice": "011",
        "nome": "La Spezia"
      },
      "sigla": "SP",
      "codiceCatastale": "E463",
      "cap": [
        "19121",
        "19122",
        "19123",
        "19124",
        "19125",
        "19126",
        "19127",
        "19128",
        "19129",
        "19130",
        "19131",
        "19132",
        "19133",
        "19134",
        "19135",
        "19136",
        "19137"
      ],
      "popolazione": 92659
    },
    {
      "nome": "Laigueglia",
      "codice": "009033",
      "zona": {
        "codice": "1",
        "nome": "Nord-ovest"
      },
      "regione": {
        "codice": "07",
        "nome": "Liguria"
      },
      "provincia": {
        "codice": "009",
        "nome": "Savona"
      },
      "sigla": "SV",
      "codiceCatastale": "E414",
      "cap": [
        "17053"
      ],
      "popolazione": 1800
    },
    {
      "nome": "Lavagna",
      "codice": "010028",
      "zona": {
        "codice": "1",
        "nome": "Nord-ovest"
      },
      "regione": {
        "codice": "07",
        "nome": "Liguria"
      },
      "provincia": {
        "codice": "010",
        "nome": "Genova"
      },
      "sigla": "GE",
      "codiceCatastale": "E488",
      "cap": [
        "16033"
      ],
      "popolazione": 12579
    },
    {
      "nome": "Leivi",
      "codice": "010029",
      "zona": {
        "codice": "1",
        "nome": "Nord-ovest"
      },
      "regione": {
        "codice": "07",
        "nome": "Liguria"
      },
      "provincia": {
        "codice": "010",
        "nome": "Genova"
      },
      "sigla": "GE",
      "codiceCatastale": "E519",
      "cap": [
        "16040"
      ],
      "popolazione": 2349
    },
    {
      "nome": "Lerici",
      "codice": "011016",
      "zona": {
        "codice": "1",
        "nome": "Nord-ovest"
      },
      "regione": {
        "codice": "07",
        "nome": "Liguria"
      },
      "provincia": {
        "codice": "011",
        "nome": "La Spezia"
      },
      "sigla": "SP",
      "codiceCatastale": "E542",
      "cap": [
        "19032"
      ],
      "popolazione": 10090
    },
    {
      "nome": "Levanto",
      "codice": "011017",
      "zona": {
        "codice": "1",
        "nome": "Nord-ovest"
      },
      "regione": {
        "codice": "07",
        "nome": "Liguria"
      },
      "provincia": {
        "codice": "011",
        "nome": "La Spezia"
      },
      "sigla": "SP",
      "codiceCatastale": "E560",
      "cap": [
        "19015"
      ],
      "popolazione": 5509
    },
    {
      "nome": "Loano",
      "codice": "009034",
      "zona": {
        "codice": "1",
        "nome": "Nord-ovest"
      },
      "regione": {
        "codice": "07",
        "nome": "Liguria"
      },
      "provincia": {
        "codice": "009",
        "nome": "Savona"
      },
      "sigla": "SV",
      "codiceCatastale": "E632",
      "cap": [
        "17025"
      ],
      "popolazione": 11563
    },
    {
      "nome": "Lorsica",
      "codice": "010030",
      "zona": {
        "codice": "1",
        "nome": "Nord-ovest"
      },
      "regione": {
        "codice": "07",
        "nome": "Liguria"
      },
      "provincia": {
        "codice": "010",
        "nome": "Genova"
      },
      "sigla": "GE",
      "codiceCatastale": "E695",
      "cap": [
        "16045"
      ],
      "popolazione": 519
    },
    {
      "nome": "Lucinasco",
      "codice": "008033",
      "zona": {
        "codice": "1",
        "nome": "Nord-ovest"
      },
      "regione": {
        "codice": "07",
        "nome": "Liguria"
      },
      "provincia": {
        "codice": "008",
        "nome": "Imperia"
      },
      "sigla": "IM",
      "codiceCatastale": "E719",
      "cap": [
        "18020"
      ],
      "popolazione": 280
    },
    {
      "nome": "Lumarzo",
      "codice": "010031",
      "zona": {
        "codice": "1",
        "nome": "Nord-ovest"
      },
      "regione": {
        "codice": "07",
        "nome": "Liguria"
      },
      "provincia": {
        "codice": "010",
        "nome": "Genova"
      },
      "sigla": "GE",
      "codiceCatastale": "E737",
      "cap": [
        "16024"
      ],
      "popolazione": 1594
    },
    {
      "nome": "Luni",
      "codice": "011020",
      "zona": {
        "codice": "1",
        "nome": "Nord-ovest"
      },
      "regione": {
        "codice": "07",
        "nome": "Liguria"
      },
      "provincia": {
        "codice": "011",
        "nome": "La Spezia"
      },
      "sigla": "SP",
      "codiceCatastale": "G143",
      "cap": [
        "19034"
      ],
      "popolazione": 8405
    },
    {
      "nome": "Magliolo",
      "codice": "009035",
      "zona": {
        "codice": "1",
        "nome": "Nord-ovest"
      },
      "regione": {
        "codice": "07",
        "nome": "Liguria"
      },
      "provincia": {
        "codice": "009",
        "nome": "Savona"
      },
      "sigla": "SV",
      "codiceCatastale": "E816",
      "cap": [
        "17020"
      ],
      "popolazione": 917
    },
    {
      "nome": "Maissana",
      "codice": "011018",
      "zona": {
        "codice": "1",
        "nome": "Nord-ovest"
      },
      "regione": {
        "codice": "07",
        "nome": "Liguria"
      },
      "provincia": {
        "codice": "011",
        "nome": "La Spezia"
      },
      "sigla": "SP",
      "codiceCatastale": "E842",
      "cap": [
        "19010"
      ],
      "popolazione": 659
    },
    {
      "nome": "Mallare",
      "codice": "009036",
      "zona": {
        "codice": "1",
        "nome": "Nord-ovest"
      },
      "regione": {
        "codice": "07",
        "nome": "Liguria"
      },
      "provincia": {
        "codice": "009",
        "nome": "Savona"
      },
      "sigla": "SV",
      "codiceCatastale": "E860",
      "cap": [
        "17045"
      ],
      "popolazione": 1200
    },
    {
      "nome": "Masone",
      "codice": "010032",
      "zona": {
        "codice": "1",
        "nome": "Nord-ovest"
      },
      "regione": {
        "codice": "07",
        "nome": "Liguria"
      },
      "provincia": {
        "codice": "010",
        "nome": "Genova"
      },
      "sigla": "GE",
      "codiceCatastale": "F020",
      "cap": [
        "16010"
      ],
      "popolazione": 3758
    },
    {
      "nome": "Massimino",
      "codice": "009037",
      "zona": {
        "codice": "1",
        "nome": "Nord-ovest"
      },
      "regione": {
        "codice": "07",
        "nome": "Liguria"
      },
      "provincia": {
        "codice": "009",
        "nome": "Savona"
      },
      "sigla": "SV",
      "codiceCatastale": "F046",
      "cap": [
        "12071"
      ],
      "popolazione": 121
    },
    {
      "nome": "Mele",
      "codice": "010033",
      "zona": {
        "codice": "1",
        "nome": "Nord-ovest"
      },
      "regione": {
        "codice": "07",
        "nome": "Liguria"
      },
      "provincia": {
        "codice": "010",
        "nome": "Genova"
      },
      "sigla": "GE",
      "codiceCatastale": "F098",
      "cap": [
        "16010"
      ],
      "popolazione": 2687
    },
    {
      "nome": "Mendatica",
      "codice": "008034",
      "zona": {
        "codice": "1",
        "nome": "Nord-ovest"
      },
      "regione": {
        "codice": "07",
        "nome": "Liguria"
      },
      "provincia": {
        "codice": "008",
        "nome": "Imperia"
      },
      "sigla": "IM",
      "codiceCatastale": "F123",
      "cap": [
        "18025"
      ],
      "popolazione": 205
    },
    {
      "nome": "Mezzanego",
      "codice": "010034",
      "zona": {
        "codice": "1",
        "nome": "Nord-ovest"
      },
      "regione": {
        "codice": "07",
        "nome": "Liguria"
      },
      "provincia": {
        "codice": "010",
        "nome": "Genova"
      },
      "sigla": "GE",
      "codiceCatastale": "F173",
      "cap": [
        "16046"
      ],
      "popolazione": 1624
    },
    {
      "nome": "Mignanego",
      "codice": "010035",
      "zona": {
        "codice": "1",
        "nome": "Nord-ovest"
      },
      "regione": {
        "codice": "07",
        "nome": "Liguria"
      },
      "provincia": {
        "codice": "010",
        "nome": "Genova"
      },
      "sigla": "GE",
      "codiceCatastale": "F202",
      "cap": [
        "16018"
      ],
      "popolazione": 3756
    },
    {
      "nome": "Millesimo",
      "codice": "009038",
      "zona": {
        "codice": "1",
        "nome": "Nord-ovest"
      },
      "regione": {
        "codice": "07",
        "nome": "Liguria"
      },
      "provincia": {
        "codice": "009",
        "nome": "Savona"
      },
      "sigla": "SV",
      "codiceCatastale": "F213",
      "cap": [
        "17017"
      ],
      "popolazione": 3426
    },
    {
      "nome": "Mioglia",
      "codice": "009039",
      "zona": {
        "codice": "1",
        "nome": "Nord-ovest"
      },
      "regione": {
        "codice": "07",
        "nome": "Liguria"
      },
      "provincia": {
        "codice": "009",
        "nome": "Savona"
      },
      "sigla": "SV",
      "codiceCatastale": "F226",
      "cap": [
        "17040"
      ],
      "popolazione": 539
    },
    {
      "nome": "Moconesi",
      "codice": "010036",
      "zona": {
        "codice": "1",
        "nome": "Nord-ovest"
      },
      "regione": {
        "codice": "07",
        "nome": "Liguria"
      },
      "provincia": {
        "codice": "010",
        "nome": "Genova"
      },
      "sigla": "GE",
      "codiceCatastale": "F256",
      "cap": [
        "16047"
      ],
      "popolazione": 2695
    },
    {
      "nome": "Molini di Triora",
      "codice": "008035",
      "zona": {
        "codice": "1",
        "nome": "Nord-ovest"
      },
      "regione": {
        "codice": "07",
        "nome": "Liguria"
      },
      "provincia": {
        "codice": "008",
        "nome": "Imperia"
      },
      "sigla": "IM",
      "codiceCatastale": "F290",
      "cap": [
        "18010"
      ],
      "popolazione": 626
    },
    {
      "nome": "Moneglia",
      "codice": "010037",
      "zona": {
        "codice": "1",
        "nome": "Nord-ovest"
      },
      "regione": {
        "codice": "07",
        "nome": "Liguria"
      },
      "provincia": {
        "codice": "010",
        "nome": "Genova"
      },
      "sigla": "GE",
      "codiceCatastale": "F354",
      "cap": [
        "16030"
      ],
      "popolazione": 2890
    },
    {
      "nome": "Montalto Carpasio",
      "codice": "008068",
      "zona": {
        "codice": "1",
        "nome": "Nord-ovest"
      },
      "regione": {
        "codice": "07",
        "nome": "Liguria"
      },
      "provincia": {
        "codice": "008",
        "nome": "Imperia"
      },
      "sigla": "IM",
      "codiceCatastale": "M387",
      "cap": [
        "18028"
      ],
      "popolazione": 517
    },
    {
      "nome": "Montebruno",
      "codice": "010038",
      "zona": {
        "codice": "1",
        "nome": "Nord-ovest"
      },
      "regione": {
        "codice": "07",
        "nome": "Liguria"
      },
      "provincia": {
        "codice": "010",
        "nome": "Genova"
      },
      "sigla": "GE",
      "codiceCatastale": "F445",
      "cap": [
        "16025"
      ],
      "popolazione": 217
    },
    {
      "nome": "Montegrosso Pian Latte",
      "codice": "008037",
      "zona": {
        "codice": "1",
        "nome": "Nord-ovest"
      },
      "regione": {
        "codice": "07",
        "nome": "Liguria"
      },
      "provincia": {
        "codice": "008",
        "nome": "Imperia"
      },
      "sigla": "IM",
      "codiceCatastale": "F528",
      "cap": [
        "18025"
      ],
      "popolazione": 121
    },
    {
      "nome": "Monterosso al Mare",
      "codice": "011019",
      "zona": {
        "codice": "1",
        "nome": "Nord-ovest"
      },
      "regione": {
        "codice": "07",
        "nome": "Liguria"
      },
      "provincia": {
        "codice": "011",
        "nome": "La Spezia"
      },
      "sigla": "SP",
      "codiceCatastale": "F609",
      "cap": [
        "19016"
      ],
      "popolazione": 1481
    },
    {
      "nome": "Montoggio",
      "codice": "010039",
      "zona": {
        "codice": "1",
        "nome": "Nord-ovest"
      },
      "regione": {
        "codice": "07",
        "nome": "Liguria"
      },
      "provincia": {
        "codice": "010",
        "nome": "Genova"
      },
      "sigla": "GE",
      "codiceCatastale": "F682",
      "cap": [
        "16026"
      ],
      "popolazione": 2062
    },
    {
      "nome": "Murialdo",
      "codice": "009040",
      "zona": {
        "codice": "1",
        "nome": "Nord-ovest"
      },
      "regione": {
        "codice": "07",
        "nome": "Liguria"
      },
      "provincia": {
        "codice": "009",
        "nome": "Savona"
      },
      "sigla": "SV",
      "codiceCatastale": "F813",
      "cap": [
        "17013"
      ],
      "popolazione": 838
    },
    {
      "nome": "Nasino",
      "codice": "009041",
      "zona": {
        "codice": "1",
        "nome": "Nord-ovest"
      },
      "regione": {
        "codice": "07",
        "nome": "Liguria"
      },
      "provincia": {
        "codice": "009",
        "nome": "Savona"
      },
      "sigla": "SV",
      "codiceCatastale": "F847",
      "cap": [
        "17030"
      ],
      "popolazione": 222
    },
    {
      "nome": "Ne",
      "codice": "010040",
      "zona": {
        "codice": "1",
        "nome": "Nord-ovest"
      },
      "regione": {
        "codice": "07",
        "nome": "Liguria"
      },
      "provincia": {
        "codice": "010",
        "nome": "Genova"
      },
      "sigla": "GE",
      "codiceCatastale": "F858",
      "cap": [
        "16040"
      ],
      "popolazione": 2361
    },
    {
      "nome": "Neirone",
      "codice": "010041",
      "zona": {
        "codice": "1",
        "nome": "Nord-ovest"
      },
      "regione": {
        "codice": "07",
        "nome": "Liguria"
      },
      "provincia": {
        "codice": "010",
        "nome": "Genova"
      },
      "sigla": "GE",
      "codiceCatastale": "F862",
      "cap": [
        "16040"
      ],
      "popolazione": 984
    },
    {
      "nome": "Noli",
      "codice": "009042",
      "zona": {
        "codice": "1",
        "nome": "Nord-ovest"
      },
      "regione": {
        "codice": "07",
        "nome": "Liguria"
      },
      "provincia": {
        "codice": "009",
        "nome": "Savona"
      },
      "sigla": "SV",
      "codiceCatastale": "F926",
      "cap": [
        "17026"
      ],
      "popolazione": 2801
    },
    {
      "nome": "Olivetta San Michele",
      "codice": "008038",
      "zona": {
        "codice": "1",
        "nome": "Nord-ovest"
      },
      "regione": {
        "codice": "07",
        "nome": "Liguria"
      },
      "provincia": {
        "codice": "008",
        "nome": "Imperia"
      },
      "sigla": "IM",
      "codiceCatastale": "G041",
      "cap": [
        "18030"
      ],
      "popolazione": 225
    },
    {
      "nome": "Onzo",
      "codice": "009043",
      "zona": {
        "codice": "1",
        "nome": "Nord-ovest"
      },
      "regione": {
        "codice": "07",
        "nome": "Liguria"
      },
      "provincia": {
        "codice": "009",
        "nome": "Savona"
      },
      "sigla": "SV",
      "codiceCatastale": "G076",
      "cap": [
        "17037"
      ],
      "popolazione": 234
    },
    {
      "nome": "Orco Feglino",
      "codice": "009044",
      "zona": {
        "codice": "1",
        "nome": "Nord-ovest"
      },
      "regione": {
        "codice": "07",
        "nome": "Liguria"
      },
      "provincia": {
        "codice": "009",
        "nome": "Savona"
      },
      "sigla": "SV",
      "codiceCatastale": "D522",
      "cap": [
        "17024"
      ],
      "popolazione": 895
    },
    {
      "nome": "Orero",
      "codice": "010042",
      "zona": {
        "codice": "1",
        "nome": "Nord-ovest"
      },
      "regione": {
        "codice": "07",
        "nome": "Liguria"
      },
      "provincia": {
        "codice": "010",
        "nome": "Genova"
      },
      "sigla": "GE",
      "codiceCatastale": "G093",
      "cap": [
        "16040"
      ],
      "popolazione": 604
    },
    {
      "nome": "Ortovero",
      "codice": "009045",
      "zona": {
        "codice": "1",
        "nome": "Nord-ovest"
      },
      "regione": {
        "codice": "07",
        "nome": "Liguria"
      },
      "provincia": {
        "codice": "009",
        "nome": "Savona"
      },
      "sigla": "SV",
      "codiceCatastale": "G144",
      "cap": [
        "17037"
      ],
      "popolazione": 1583
    },
    {
      "nome": "Osiglia",
      "codice": "009046",
      "zona": {
        "codice": "1",
        "nome": "Nord-ovest"
      },
      "regione": {
        "codice": "07",
        "nome": "Liguria"
      },
      "provincia": {
        "codice": "009",
        "nome": "Savona"
      },
      "sigla": "SV",
      "codiceCatastale": "G155",
      "cap": [
        "17010"
      ],
      "popolazione": 469
    },
    {
      "nome": "Ospedaletti",
      "codice": "008039",
      "zona": {
        "codice": "1",
        "nome": "Nord-ovest"
      },
      "regione": {
        "codice": "07",
        "nome": "Liguria"
      },
      "provincia": {
        "codice": "008",
        "nome": "Imperia"
      },
      "sigla": "IM",
      "codiceCatastale": "G164",
      "cap": [
        "18014"
      ],
      "popolazione": 3386
    },
    {
      "nome": "Pallare",
      "codice": "009047",
      "zona": {
        "codice": "1",
        "nome": "Nord-ovest"
      },
      "regione": {
        "codice": "07",
        "nome": "Liguria"
      },
      "provincia": {
        "codice": "009",
        "nome": "Savona"
      },
      "sigla": "SV",
      "codiceCatastale": "G281",
      "cap": [
        "17043"
      ],
      "popolazione": 957
    },
    {
      "nome": "Perinaldo",
      "codice": "008040",
      "zona": {
        "codice": "1",
        "nome": "Nord-ovest"
      },
      "regione": {
        "codice": "07",
        "nome": "Liguria"
      },
      "provincia": {
        "codice": "008",
        "nome": "Imperia"
      },
      "sigla": "IM",
      "codiceCatastale": "G454",
      "cap": [
        "18032"
      ],
      "popolazione": 912
    },
    {
      "nome": "Piana Crixia",
      "codice": "009048",
      "zona": {
        "codice": "1",
        "nome": "Nord-ovest"
      },
      "regione": {
        "codice": "07",
        "nome": "Liguria"
      },
      "provincia": {
        "codice": "009",
        "nome": "Savona"
      },
      "sigla": "SV",
      "codiceCatastale": "G542",
      "cap": [
        "17058"
      ],
      "popolazione": 857
    },
    {
      "nome": "Pietra Ligure",
      "codice": "009049",
      "zona": {
        "codice": "1",
        "nome": "Nord-ovest"
      },
      "regione": {
        "codice": "07",
        "nome": "Liguria"
      },
      "provincia": {
        "codice": "009",
        "nome": "Savona"
      },
      "sigla": "SV",
      "codiceCatastale": "G605",
      "cap": [
        "17027"
      ],
      "popolazione": 8880
    },
    {
      "nome": "Pietrabruna",
      "codice": "008041",
      "zona": {
        "codice": "1",
        "nome": "Nord-ovest"
      },
      "regione": {
        "codice": "07",
        "nome": "Liguria"
      },
      "provincia": {
        "codice": "008",
        "nome": "Imperia"
      },
      "sigla": "IM",
      "codiceCatastale": "G607",
      "cap": [
        "18010"
      ],
      "popolazione": 541
    },
    {
      "nome": "Pieve Ligure",
      "codice": "010043",
      "zona": {
        "codice": "1",
        "nome": "Nord-ovest"
      },
      "regione": {
        "codice": "07",
        "nome": "Liguria"
      },
      "provincia": {
        "codice": "010",
        "nome": "Genova"
      },
      "sigla": "GE",
      "codiceCatastale": "G646",
      "cap": [
        "16031"
      ],
      "popolazione": 2582
    },
    {
      "nome": "Pieve di Teco",
      "codice": "008042",
      "zona": {
        "codice": "1",
        "nome": "Nord-ovest"
      },
      "regione": {
        "codice": "07",
        "nome": "Liguria"
      },
      "provincia": {
        "codice": "008",
        "nome": "Imperia"
      },
      "sigla": "IM",
      "codiceCatastale": "G632",
      "cap": [
        "18026"
      ],
      "popolazione": 1400
    },
    {
      "nome": "Pigna",
      "codice": "008043",
      "zona": {
        "codice": "1",
        "nome": "Nord-ovest"
      },
      "regione": {
        "codice": "07",
        "nome": "Liguria"
      },
      "provincia": {
        "codice": "008",
        "nome": "Imperia"
      },
      "sigla": "IM",
      "codiceCatastale": "G660",
      "cap": [
        "18037"
      ],
      "popolazione": 894
    },
    {
      "nome": "Pignone",
      "codice": "011021",
      "zona": {
        "codice": "1",
        "nome": "Nord-ovest"
      },
      "regione": {
        "codice": "07",
        "nome": "Liguria"
      },
      "provincia": {
        "codice": "011",
        "nome": "La Spezia"
      },
      "sigla": "SP",
      "codiceCatastale": "G664",
      "cap": [
        "19020"
      ],
      "popolazione": 599
    },
    {
      "nome": "Plodio",
      "codice": "009050",
      "zona": {
        "codice": "1",
        "nome": "Nord-ovest"
      },
      "regione": {
        "codice": "07",
        "nome": "Liguria"
      },
      "provincia": {
        "codice": "009",
        "nome": "Savona"
      },
      "sigla": "SV",
      "codiceCatastale": "G741",
      "cap": [
        "17043"
      ],
      "popolazione": 648
    },
    {
      "nome": "Pompeiana",
      "codice": "008044",
      "zona": {
        "codice": "1",
        "nome": "Nord-ovest"
      },
      "regione": {
        "codice": "07",
        "nome": "Liguria"
      },
      "provincia": {
        "codice": "008",
        "nome": "Imperia"
      },
      "sigla": "IM",
      "codiceCatastale": "G814",
      "cap": [
        "18015"
      ],
      "popolazione": 809
    },
    {
      "nome": "Pontedassio",
      "codice": "008045",
      "zona": {
        "codice": "1",
        "nome": "Nord-ovest"
      },
      "regione": {
        "codice": "07",
        "nome": "Liguria"
      },
      "provincia": {
        "codice": "008",
        "nome": "Imperia"
      },
      "sigla": "IM",
      "codiceCatastale": "G840",
      "cap": [
        "18027"
      ],
      "popolazione": 2356
    },
    {
      "nome": "Pontinvrea",
      "codice": "009051",
      "zona": {
        "codice": "1",
        "nome": "Nord-ovest"
      },
      "regione": {
        "codice": "07",
        "nome": "Liguria"
      },
      "provincia": {
        "codice": "009",
        "nome": "Savona"
      },
      "sigla": "SV",
      "codiceCatastale": "G866",
      "cap": [
        "17042"
      ],
      "popolazione": 846
    },
    {
      "nome": "Pornassio",
      "codice": "008046",
      "zona": {
        "codice": "1",
        "nome": "Nord-ovest"
      },
      "regione": {
        "codice": "07",
        "nome": "Liguria"
      },
      "provincia": {
        "codice": "008",
        "nome": "Imperia"
      },
      "sigla": "IM",
      "codiceCatastale": "G890",
      "cap": [
        "18024"
      ],
      "popolazione": 584
    },
    {
      "nome": "Portofino",
      "codice": "010044",
      "zona": {
        "codice": "1",
        "nome": "Nord-ovest"
      },
      "regione": {
        "codice": "07",
        "nome": "Liguria"
      },
      "provincia": {
        "codice": "010",
        "nome": "Genova"
      },
      "sigla": "GE",
      "codiceCatastale": "G913",
      "cap": [
        "16034"
      ],
      "popolazione": 453
    },
    {
      "nome": "Portovenere",
      "codice": "011022",
      "zona": {
        "codice": "1",
        "nome": "Nord-ovest"
      },
      "regione": {
        "codice": "07",
        "nome": "Liguria"
      },
      "provincia": {
        "codice": "011",
        "nome": "La Spezia"
      },
      "sigla": "SP",
      "codiceCatastale": "G925",
      "cap": [
        "19025"
      ],
      "popolazione": 3702
    },
    {
      "nome": "Prel",
      "codice": "008047",
      "zona": {
        "codice": "1",
        "nome": "Nord-ovest"
      },
      "regione": {
        "codice": "07",
        "nome": "Liguria"
      },
      "provincia": {
        "codice": "008",
        "nome": "Imperia"
      },
      "sigla": "IM",
      "codiceCatastale": "H027",
      "cap": [
        "18020"
      ],
      "popolazione": 500
    },
    {
      "nome": "Propata",
      "codice": "010045",
      "zona": {
        "codice": "1",
        "nome": "Nord-ovest"
      },
      "regione": {
        "codice": "07",
        "nome": "Liguria"
      },
      "provincia": {
        "codice": "010",
        "nome": "Genova"
      },
      "sigla": "GE",
      "codiceCatastale": "H073",
      "cap": [
        "16027"
      ],
      "popolazione": 161
    },
    {
      "nome": "Quiliano",
      "codice": "009052",
      "zona": {
        "codice": "1",
        "nome": "Nord-ovest"
      },
      "regione": {
        "codice": "07",
        "nome": "Liguria"
      },
      "provincia": {
        "codice": "009",
        "nome": "Savona"
      },
      "sigla": "SV",
      "codiceCatastale": "H126",
      "cap": [
        "17047"
      ],
      "popolazione": 7336
    },
    {
      "nome": "Ranzo",
      "codice": "008048",
      "zona": {
        "codice": "1",
        "nome": "Nord-ovest"
      },
      "regione": {
        "codice": "07",
        "nome": "Liguria"
      },
      "provincia": {
        "codice": "008",
        "nome": "Imperia"
      },
      "sigla": "IM",
      "codiceCatastale": "H180",
      "cap": [
        "18020"
      ],
      "popolazione": 556
    },
    {
      "nome": "Rapallo",
      "codice": "010046",
      "zona": {
        "codice": "1",
        "nome": "Nord-ovest"
      },
      "regione": {
        "codice": "07",
        "nome": "Liguria"
      },
      "provincia": {
        "codice": "010",
        "nome": "Genova"
      },
      "sigla": "GE",
      "codiceCatastale": "H183",
      "cap": [
        "16035"
      ],
      "popolazione": 29226
    },
    {
      "nome": "Recco",
      "codice": "010047",
      "zona": {
        "codice": "1",
        "nome": "Nord-ovest"
      },
      "regione": {
        "codice": "07",
        "nome": "Liguria"
      },
      "provincia": {
        "codice": "010",
        "nome": "Genova"
      },
      "sigla": "GE",
      "codiceCatastale": "H212",
      "cap": [
        "16036"
      ],
      "popolazione": 10106
    },
    {
      "nome": "Rezzo",
      "codice": "008049",
      "zona": {
        "codice": "1",
        "nome": "Nord-ovest"
      },
      "regione": {
        "codice": "07",
        "nome": "Liguria"
      },
      "provincia": {
        "codice": "008",
        "nome": "Imperia"
      },
      "sigla": "IM",
      "codiceCatastale": "H257",
      "cap": [
        "18026"
      ],
      "popolazione": 371
    },
    {
      "nome": "Rezzoaglio",
      "codice": "010048",
      "zona": {
        "codice": "1",
        "nome": "Nord-ovest"
      },
      "regione": {
        "codice": "07",
        "nome": "Liguria"
      },
      "provincia": {
        "codice": "010",
        "nome": "Genova"
      },
      "sigla": "GE",
      "codiceCatastale": "H258",
      "cap": [
        "16048"
      ],
      "popolazione": 1080
    },
    {
      "nome": "Rialto",
      "codice": "009053",
      "zona": {
        "codice": "1",
        "nome": "Nord-ovest"
      },
      "regione": {
        "codice": "07",
        "nome": "Liguria"
      },
      "provincia": {
        "codice": "009",
        "nome": "Savona"
      },
      "sigla": "SV",
      "codiceCatastale": "H266",
      "cap": [
        "17020"
      ],
      "popolazione": 564
    },
    {
      "nome": "Ricc del Golfo di Spezia",
      "codice": "011023",
      "zona": {
        "codice": "1",
        "nome": "Nord-ovest"
      },
      "regione": {
        "codice": "07",
        "nome": "Liguria"
      },
      "provincia": {
        "codice": "011",
        "nome": "La Spezia"
      },
      "sigla": "SP",
      "codiceCatastale": "H275",
      "cap": [
        "19020"
      ],
      "popolazione": 3537
    },
    {
      "nome": "Riomaggiore",
      "codice": "011024",
      "zona": {
        "codice": "1",
        "nome": "Nord-ovest"
      },
      "regione": {
        "codice": "07",
        "nome": "Liguria"
      },
      "provincia": {
        "codice": "011",
        "nome": "La Spezia"
      },
      "sigla": "SP",
      "codiceCatastale": "H304",
      "cap": [
        "19017"
      ],
      "popolazione": 1669
    },
    {
      "nome": "Riva Ligure",
      "codice": "008050",
      "zona": {
        "codice": "1",
        "nome": "Nord-ovest"
      },
      "regione": {
        "codice": "07",
        "nome": "Liguria"
      },
      "provincia": {
        "codice": "008",
        "nome": "Imperia"
      },
      "sigla": "IM",
      "codiceCatastale": "H328",
      "cap": [
        "18015"
      ],
      "popolazione": 2861
    },
    {
      "nome": "Roccavignale",
      "codice": "009054",
      "zona": {
        "codice": "1",
        "nome": "Nord-ovest"
      },
      "regione": {
        "codice": "07",
        "nome": "Liguria"
      },
      "provincia": {
        "codice": "009",
        "nome": "Savona"
      },
      "sigla": "SV",
      "codiceCatastale": "H452",
      "cap": [
        "17017"
      ],
      "popolazione": 746
    },
    {
      "nome": "Rocchetta Nervina",
      "codice": "008051",
      "zona": {
        "codice": "1",
        "nome": "Nord-ovest"
      },
      "regione": {
        "codice": "07",
        "nome": "Liguria"
      },
      "provincia": {
        "codice": "008",
        "nome": "Imperia"
      },
      "sigla": "IM",
      "codiceCatastale": "H460",
      "cap": [
        "18030"
      ],
      "popolazione": 272
    },
    {
      "nome": "Rocchetta di Vara",
      "codice": "011025",
      "zona": {
        "codice": "1",
        "nome": "Nord-ovest"
      },
      "regione": {
        "codice": "07",
        "nome": "Liguria"
      },
      "provincia": {
        "codice": "011",
        "nome": "La Spezia"
      },
      "sigla": "SP",
      "codiceCatastale": "H461",
      "cap": [
        "19020"
      ],
      "popolazione": 785
    },
    {
      "nome": "Ronco Scrivia",
      "codice": "010049",
      "zona": {
        "codice": "1",
        "nome": "Nord-ovest"
      },
      "regione": {
        "codice": "07",
        "nome": "Liguria"
      },
      "provincia": {
        "codice": "010",
        "nome": "Genova"
      },
      "sigla": "GE",
      "codiceCatastale": "H536",
      "cap": [
        "16019"
      ],
      "popolazione": 4558
    },
    {
      "nome": "Rondanina",
      "codice": "010050",
      "zona": {
        "codice": "1",
        "nome": "Nord-ovest"
      },
      "regione": {
        "codice": "07",
        "nome": "Liguria"
      },
      "provincia": {
        "codice": "010",
        "nome": "Genova"
      },
      "sigla": "GE",
      "codiceCatastale": "H546",
      "cap": [
        "16025"
      ],
      "popolazione": 69
    },
    {
      "nome": "Rossiglione",
      "codice": "010051",
      "zona": {
        "codice": "1",
        "nome": "Nord-ovest"
      },
      "regione": {
        "codice": "07",
        "nome": "Liguria"
      },
      "provincia": {
        "codice": "010",
        "nome": "Genova"
      },
      "sigla": "GE",
      "codiceCatastale": "H581",
      "cap": [
        "16010"
      ],
      "popolazione": 2932
    },
    {
      "nome": "Rovegno",
      "codice": "010052",
      "zona": {
        "codice": "1",
        "nome": "Nord-ovest"
      },
      "regione": {
        "codice": "07",
        "nome": "Liguria"
      },
      "provincia": {
        "codice": "010",
        "nome": "Genova"
      },
      "sigla": "GE",
      "codiceCatastale": "H599",
      "cap": [
        "16028"
      ],
      "popolazione": 568
    },
    {
      "nome": "San Bartolomeo al Mare",
      "codice": "008052",
      "zona": {
        "codice": "1",
        "nome": "Nord-ovest"
      },
      "regione": {
        "codice": "07",
        "nome": "Liguria"
      },
      "provincia": {
        "codice": "008",
        "nome": "Imperia"
      },
      "sigla": "IM",
      "codiceCatastale": "H763",
      "cap": [
        "18016"
      ],
      "popolazione": 3127
    },
    {
      "nome": "San Biagio della Cima",
      "codice": "008053",
      "zona": {
        "codice": "1",
        "nome": "Nord-ovest"
      },
      "regione": {
        "codice": "07",
        "nome": "Liguria"
      },
      "provincia": {
        "codice": "008",
        "nome": "Imperia"
      },
      "sigla": "IM",
      "codiceCatastale": "H780",
      "cap": [
        "18036"
      ],
      "popolazione": 1278
    },
    {
      "nome": "San Colombano Certenoli",
      "codice": "010053",
      "zona": {
        "codice": "1",
        "nome": "Nord-ovest"
      },
      "regione": {
        "codice": "07",
        "nome": "Liguria"
      },
      "provincia": {
        "codice": "010",
        "nome": "Genova"
      },
      "sigla": "GE",
      "codiceCatastale": "H802",
      "cap": [
        "16040"
      ],
      "popolazione": 2687
    },
    {
      "nome": "San Lorenzo al Mare",
      "codice": "008054",
      "zona": {
        "codice": "1",
        "nome": "Nord-ovest"
      },
      "regione": {
        "codice": "07",
        "nome": "Liguria"
      },
      "provincia": {
        "codice": "008",
        "nome": "Imperia"
      },
      "sigla": "IM",
      "codiceCatastale": "H957",
      "cap": [
        "18017"
      ],
      "popolazione": 1373
    },
    {
      "nome": "Sanremo",
      "codice": "008055",
      "zona": {
        "codice": "1",
        "nome": "Nord-ovest"
      },
      "regione": {
        "codice": "07",
        "nome": "Liguria"
      },
      "provincia": {
        "codice": "008",
        "nome": "Imperia"
      },
      "sigla": "IM",
      "codiceCatastale": "I138",
      "cap": [
        "18038"
      ],
      "popolazione": 54137
    },
    {
      "nome": "Sant'Olcese",
      "codice": "010055",
      "zona": {
        "codice": "1",
        "nome": "Nord-ovest"
      },
      "regione": {
        "codice": "07",
        "nome": "Liguria"
      },
      "provincia": {
        "codice": "010",
        "nome": "Genova"
      },
      "sigla": "GE",
      "codiceCatastale": "I346",
      "cap": [
        "16010"
      ],
      "popolazione": 5911
    },
    {
      "nome": "Santa Margherita Ligure",
      "codice": "010054",
      "zona": {
        "codice": "1",
        "nome": "Nord-ovest"
      },
      "regione": {
        "codice": "07",
        "nome": "Liguria"
      },
      "provincia": {
        "codice": "010",
        "nome": "Genova"
      },
      "sigla": "GE",
      "codiceCatastale": "I225",
      "cap": [
        "16038"
      ],
      "popolazione": 9709
    },
    {
      "nome": "Santo Stefano al Mare",
      "codice": "008056",
      "zona": {
        "codice": "1",
        "nome": "Nord-ovest"
      },
      "regione": {
        "codice": "07",
        "nome": "Liguria"
      },
      "provincia": {
        "codice": "008",
        "nome": "Imperia"
      },
      "sigla": "IM",
      "codiceCatastale": "I365",
      "cap": [
        "18010"
      ],
      "popolazione": 2239
    },
    {
      "nome": "Santo Stefano d'Aveto",
      "codice": "010056",
      "zona": {
        "codice": "1",
        "nome": "Nord-ovest"
      },
      "regione": {
        "codice": "07",
        "nome": "Liguria"
      },
      "provincia": {
        "codice": "010",
        "nome": "Genova"
      },
      "sigla": "GE",
      "codiceCatastale": "I368",
      "cap": [
        "16049"
      ],
      "popolazione": 1217
    },
    {
      "nome": "Santo Stefano di Magra",
      "codice": "011026",
      "zona": {
        "codice": "1",
        "nome": "Nord-ovest"
      },
      "regione": {
        "codice": "07",
        "nome": "Liguria"
      },
      "provincia": {
        "codice": "011",
        "nome": "La Spezia"
      },
      "sigla": "SP",
      "codiceCatastale": "I363",
      "cap": [
        "19037"
      ],
      "popolazione": 8790
    },
    {
      "nome": "Sarzana",
      "codice": "011027",
      "zona": {
        "codice": "1",
        "nome": "Nord-ovest"
      },
      "regione": {
        "codice": "07",
        "nome": "Liguria"
      },
      "provincia": {
        "codice": "011",
        "nome": "La Spezia"
      },
      "sigla": "SP",
      "codiceCatastale": "I449",
      "cap": [
        "19038"
      ],
      "popolazione": 21829
    },
    {
      "nome": "Sassello",
      "codice": "009055",
      "zona": {
        "codice": "1",
        "nome": "Nord-ovest"
      },
      "regione": {
        "codice": "07",
        "nome": "Liguria"
      },
      "provincia": {
        "codice": "009",
        "nome": "Savona"
      },
      "sigla": "SV",
      "codiceCatastale": "I453",
      "cap": [
        "17046"
      ],
      "popolazione": 1882
    },
    {
      "nome": "Savignone",
      "codice": "010057",
      "zona": {
        "codice": "1",
        "nome": "Nord-ovest"
      },
      "regione": {
        "codice": "07",
        "nome": "Liguria"
      },
      "provincia": {
        "codice": "010",
        "nome": "Genova"
      },
      "sigla": "GE",
      "codiceCatastale": "I475",
      "cap": [
        "16010"
      ],
      "popolazione": 3226
    },
    {
      "nome": "Savona",
      "codice": "009056",
      "zona": {
        "codice": "1",
        "nome": "Nord-ovest"
      },
      "regione": {
        "codice": "07",
        "nome": "Liguria"
      },
      "provincia": {
        "codice": "009",
        "nome": "Savona"
      },
      "sigla": "SV",
      "codiceCatastale": "I480",
      "cap": [
        "17100"
      ],
      "popolazione": 60661
    },
    {
      "nome": "Seborga",
      "codice": "008057",
      "zona": {
        "codice": "1",
        "nome": "Nord-ovest"
      },
      "regione": {
        "codice": "07",
        "nome": "Liguria"
      },
      "provincia": {
        "codice": "008",
        "nome": "Imperia"
      },
      "sigla": "IM",
      "codiceCatastale": "I556",
      "cap": [
        "18012"
      ],
      "popolazione": 323
    },
    {
      "nome": "Serra Ricc",
      "codice": "010058",
      "zona": {
        "codice": "1",
        "nome": "Nord-ovest"
      },
      "regione": {
        "codice": "07",
        "nome": "Liguria"
      },
      "provincia": {
        "codice": "010",
        "nome": "Genova"
      },
      "sigla": "GE",
      "codiceCatastale": "I640",
      "cap": [
        "16010"
      ],
      "popolazione": 7931
    },
    {
      "nome": "Sesta Godano",
      "codice": "011028",
      "zona": {
        "codice": "1",
        "nome": "Nord-ovest"
      },
      "regione": {
        "codice": "07",
        "nome": "Liguria"
      },
      "provincia": {
        "codice": "011",
        "nome": "La Spezia"
      },
      "sigla": "SP",
      "codiceCatastale": "E070",
      "cap": [
        "19020"
      ],
      "popolazione": 1452
    },
    {
      "nome": "Sestri Levante",
      "codice": "010059",
      "zona": {
        "codice": "1",
        "nome": "Nord-ovest"
      },
      "regione": {
        "codice": "07",
        "nome": "Liguria"
      },
      "provincia": {
        "codice": "010",
        "nome": "Genova"
      },
      "sigla": "GE",
      "codiceCatastale": "I693",
      "cap": [
        "16039"
      ],
      "popolazione": 18172
    },
    {
      "nome": "Soldano",
      "codice": "008058",
      "zona": {
        "codice": "1",
        "nome": "Nord-ovest"
      },
      "regione": {
        "codice": "07",
        "nome": "Liguria"
      },
      "provincia": {
        "codice": "008",
        "nome": "Imperia"
      },
      "sigla": "IM",
      "codiceCatastale": "I796",
      "cap": [
        "18036"
      ],
      "popolazione": 985
    },
    {
      "nome": "Sori",
      "codice": "010060",
      "zona": {
        "codice": "1",
        "nome": "Nord-ovest"
      },
      "regione": {
        "codice": "07",
        "nome": "Liguria"
      },
      "provincia": {
        "codice": "010",
        "nome": "Genova"
      },
      "sigla": "GE",
      "codiceCatastale": "I852",
      "cap": [
        "16031"
      ],
      "popolazione": 4404
    },
    {
      "nome": "Spotorno",
      "codice": "009057",
      "zona": {
        "codice": "1",
        "nome": "Nord-ovest"
      },
      "regione": {
        "codice": "07",
        "nome": "Liguria"
      },
      "provincia": {
        "codice": "009",
        "nome": "Savona"
      },
      "sigla": "SV",
      "codiceCatastale": "I926",
      "cap": [
        "17028"
      ],
      "popolazione": 3886
    },
    {
      "nome": "Stella",
      "codice": "009058",
      "zona": {
        "codice": "1",
        "nome": "Nord-ovest"
      },
      "regione": {
        "codice": "07",
        "nome": "Liguria"
      },
      "provincia": {
        "codice": "009",
        "nome": "Savona"
      },
      "sigla": "SV",
      "codiceCatastale": "I946",
      "cap": [
        "17044"
      ],
      "popolazione": 3066
    },
    {
      "nome": "Stellanello",
      "codice": "009059",
      "zona": {
        "codice": "1",
        "nome": "Nord-ovest"
      },
      "regione": {
        "codice": "07",
        "nome": "Liguria"
      },
      "provincia": {
        "codice": "009",
        "nome": "Savona"
      },
      "sigla": "SV",
      "codiceCatastale": "I947",
      "cap": [
        "17020"
      ],
      "popolazione": 858
    },
    {
      "nome": "Taggia",
      "codice": "008059",
      "zona": {
        "codice": "1",
        "nome": "Nord-ovest"
      },
      "regione": {
        "codice": "07",
        "nome": "Liguria"
      },
      "provincia": {
        "codice": "008",
        "nome": "Imperia"
      },
      "sigla": "IM",
      "codiceCatastale": "L024",
      "cap": [
        "18018"
      ],
      "popolazione": 14032
    },
    {
      "nome": "Terzorio",
      "codice": "008060",
      "zona": {
        "codice": "1",
        "nome": "Nord-ovest"
      },
      "regione": {
        "codice": "07",
        "nome": "Liguria"
      },
      "provincia": {
        "codice": "008",
        "nome": "Imperia"
      },
      "sigla": "IM",
      "codiceCatastale": "L146",
      "cap": [
        "18010"
      ],
      "popolazione": 232
    },
    {
      "nome": "Testico",
      "codice": "009060",
      "zona": {
        "codice": "1",
        "nome": "Nord-ovest"
      },
      "regione": {
        "codice": "07",
        "nome": "Liguria"
      },
      "provincia": {
        "codice": "009",
        "nome": "Savona"
      },
      "sigla": "SV",
      "codiceCatastale": "L152",
      "cap": [
        "17020"
      ],
      "popolazione": 212
    },
    {
      "nome": "Tiglieto",
      "codice": "010061",
      "zona": {
        "codice": "1",
        "nome": "Nord-ovest"
      },
      "regione": {
        "codice": "07",
        "nome": "Liguria"
      },
      "provincia": {
        "codice": "010",
        "nome": "Genova"
      },
      "sigla": "GE",
      "codiceCatastale": "L167",
      "cap": [
        "16010"
      ],
      "popolazione": 580
    },
    {
      "nome": "Toirano",
      "codice": "009061",
      "zona": {
        "codice": "1",
        "nome": "Nord-ovest"
      },
      "regione": {
        "codice": "07",
        "nome": "Liguria"
      },
      "provincia": {
        "codice": "009",
        "nome": "Savona"
      },
      "sigla": "SV",
      "codiceCatastale": "L190",
      "cap": [
        "17055"
      ],
      "popolazione": 2669
    },
    {
      "nome": "Torriglia",
      "codice": "010062",
      "zona": {
        "codice": "1",
        "nome": "Nord-ovest"
      },
      "regione": {
        "codice": "07",
        "nome": "Liguria"
      },
      "provincia": {
        "codice": "010",
        "nome": "Genova"
      },
      "sigla": "GE",
      "codiceCatastale": "L298",
      "cap": [
        "16029"
      ],
      "popolazione": 2392
    },
    {
      "nome": "Tovo San Giacomo",
      "codice": "009062",
      "zona": {
        "codice": "1",
        "nome": "Nord-ovest"
      },
      "regione": {
        "codice": "07",
        "nome": "Liguria"
      },
      "provincia": {
        "codice": "009",
        "nome": "Savona"
      },
      "sigla": "SV",
      "codiceCatastale": "L315",
      "cap": [
        "17020"
      ],
      "popolazione": 2489
    },
    {
      "nome": "Tribogna",
      "codice": "010063",
      "zona": {
        "codice": "1",
        "nome": "Nord-ovest"
      },
      "regione": {
        "codice": "07",
        "nome": "Liguria"
      },
      "provincia": {
        "codice": "010",
        "nome": "Genova"
      },
      "sigla": "GE",
      "codiceCatastale": "L416",
      "cap": [
        "16030"
      ],
      "popolazione": 620
    },
    {
      "nome": "Triora",
      "codice": "008061",
      "zona": {
        "codice": "1",
        "nome": "Nord-ovest"
      },
      "regione": {
        "codice": "07",
        "nome": "Liguria"
      },
      "provincia": {
        "codice": "008",
        "nome": "Imperia"
      },
      "sigla": "IM",
      "codiceCatastale": "L430",
      "cap": [
        "18010"
      ],
      "popolazione": 374
    },
    {
      "nome": "Urbe",
      "codice": "009063",
      "zona": {
        "codice": "1",
        "nome": "Nord-ovest"
      },
      "regione": {
        "codice": "07",
        "nome": "Liguria"
      },
      "provincia": {
        "codice": "009",
        "nome": "Savona"
      },
      "sigla": "SV",
      "codiceCatastale": "L499",
      "cap": [
        "17048"
      ],
      "popolazione": 769
    },
    {
      "nome": "Uscio",
      "codice": "010064",
      "zona": {
        "codice": "1",
        "nome": "Nord-ovest"
      },
      "regione": {
        "codice": "07",
        "nome": "Liguria"
      },
      "provincia": {
        "codice": "010",
        "nome": "Genova"
      },
      "sigla": "GE",
      "codiceCatastale": "L507",
      "cap": [
        "16036"
      ],
      "popolazione": 2275
    },
    {
      "nome": "Vado Ligure",
      "codice": "009064",
      "zona": {
        "codice": "1",
        "nome": "Nord-ovest"
      },
      "regione": {
        "codice": "07",
        "nome": "Liguria"
      },
      "provincia": {
        "codice": "009",
        "nome": "Savona"
      },
      "sigla": "SV",
      "codiceCatastale": "L528",
      "cap": [
        "17047"
      ],
      "popolazione": 8232
    },
    {
      "nome": "Valbrevenna",
      "codice": "010065",
      "zona": {
        "codice": "1",
        "nome": "Nord-ovest"
      },
      "regione": {
        "codice": "07",
        "nome": "Liguria"
      },
      "provincia": {
        "codice": "010",
        "nome": "Genova"
      },
      "sigla": "GE",
      "codiceCatastale": "L546",
      "cap": [
        "16010"
      ],
      "popolazione": 812
    },
    {
      "nome": "Vallebona",
      "codice": "008062",
      "zona": {
        "codice": "1",
        "nome": "Nord-ovest"
      },
      "regione": {
        "codice": "07",
        "nome": "Liguria"
      },
      "provincia": {
        "codice": "008",
        "nome": "Imperia"
      },
      "sigla": "IM",
      "codiceCatastale": "L596",
      "cap": [
        "18012"
      ],
      "popolazione": 1332
    },
    {
      "nome": "Vallecrosia",
      "codice": "008063",
      "zona": {
        "codice": "1",
        "nome": "Nord-ovest"
      },
      "regione": {
        "codice": "07",
        "nome": "Liguria"
      },
      "provincia": {
        "codice": "008",
        "nome": "Imperia"
      },
      "sigla": "IM",
      "codiceCatastale": "L599",
      "cap": [
        "18019"
      ],
      "popolazione": 7032
    },
    {
      "nome": "Varazze",
      "codice": "009065",
      "zona": {
        "codice": "1",
        "nome": "Nord-ovest"
      },
      "regione": {
        "codice": "07",
        "nome": "Liguria"
      },
      "provincia": {
        "codice": "009",
        "nome": "Savona"
      },
      "sigla": "SV",
      "codiceCatastale": "L675",
      "cap": [
        "17019"
      ],
      "popolazione": 13461
    },
    {
      "nome": "Varese Ligure",
      "codice": "011029",
      "zona": {
        "codice": "1",
        "nome": "Nord-ovest"
      },
      "regione": {
        "codice": "07",
        "nome": "Liguria"
      },
      "provincia": {
        "codice": "011",
        "nome": "La Spezia"
      },
      "sigla": "SP",
      "codiceCatastale": "L681",
      "cap": [
        "19028"
      ],
      "popolazione": 2103
    },
    {
      "nome": "Vasia",
      "codice": "008064",
      "zona": {
        "codice": "1",
        "nome": "Nord-ovest"
      },
      "regione": {
        "codice": "07",
        "nome": "Liguria"
      },
      "provincia": {
        "codice": "008",
        "nome": "Imperia"
      },
      "sigla": "IM",
      "codiceCatastale": "L693",
      "cap": [
        "18020"
      ],
      "popolazione": 424
    },
    {
      "nome": "Vendone",
      "codice": "009066",
      "zona": {
        "codice": "1",
        "nome": "Nord-ovest"
      },
      "regione": {
        "codice": "07",
        "nome": "Liguria"
      },
      "provincia": {
        "codice": "009",
        "nome": "Savona"
      },
      "sigla": "SV",
      "codiceCatastale": "L730",
      "cap": [
        "17032"
      ],
      "popolazione": 403
    },
    {
      "nome": "Ventimiglia",
      "codice": "008065",
      "zona": {
        "codice": "1",
        "nome": "Nord-ovest"
      },
      "regione": {
        "codice": "07",
        "nome": "Liguria"
      },
      "provincia": {
        "codice": "008",
        "nome": "Imperia"
      },
      "sigla": "IM",
      "codiceCatastale": "L741",
      "cap": [
        "18039"
      ],
      "popolazione": 23926
    },
    {
      "nome": "Vernazza",
      "codice": "011030",
      "zona": {
        "codice": "1",
        "nome": "Nord-ovest"
      },
      "regione": {
        "codice": "07",
        "nome": "Liguria"
      },
      "provincia": {
        "codice": "011",
        "nome": "La Spezia"
      },
      "sigla": "SP",
      "codiceCatastale": "L774",
      "cap": [
        "19018"
      ],
      "popolazione": 941
    },
    {
      "nome": "Vessalico",
      "codice": "008066",
      "zona": {
        "codice": "1",
        "nome": "Nord-ovest"
      },
      "regione": {
        "codice": "07",
        "nome": "Liguria"
      },
      "provincia": {
        "codice": "008",
        "nome": "Imperia"
      },
      "sigla": "IM",
      "codiceCatastale": "L809",
      "cap": [
        "18026"
      ],
      "popolazione": 287
    },
    {
      "nome": "Vezzano Ligure",
      "codice": "011031",
      "zona": {
        "codice": "1",
        "nome": "Nord-ovest"
      },
      "regione": {
        "codice": "07",
        "nome": "Liguria"
      },
      "provincia": {
        "codice": "011",
        "nome": "La Spezia"
      },
      "sigla": "SP",
      "codiceCatastale": "L819",
      "cap": [
        "19020"
      ],
      "popolazione": 7391
    },
    {
      "nome": "Vezzi Portio",
      "codice": "009067",
      "zona": {
        "codice": "1",
        "nome": "Nord-ovest"
      },
      "regione": {
        "codice": "07",
        "nome": "Liguria"
      },
      "provincia": {
        "codice": "009",
        "nome": "Savona"
      },
      "sigla": "SV",
      "codiceCatastale": "L823",
      "cap": [
        "17028"
      ],
      "popolazione": 810
    },
    {
      "nome": "Villa Faraldi",
      "codice": "008067",
      "zona": {
        "codice": "1",
        "nome": "Nord-ovest"
      },
      "regione": {
        "codice": "07",
        "nome": "Liguria"
      },
      "provincia": {
        "codice": "008",
        "nome": "Imperia"
      },
      "sigla": "IM",
      "codiceCatastale": "L943",
      "cap": [
        "18010"
      ],
      "popolazione": 437
    },
    {
      "nome": "Villanova d'Albenga",
      "codice": "009068",
      "zona": {
        "codice": "1",
        "nome": "Nord-ovest"
      },
      "regione": {
        "codice": "07",
        "nome": "Liguria"
      },
      "provincia": {
        "codice": "009",
        "nome": "Savona"
      },
      "sigla": "SV",
      "codiceCatastale": "L975",
      "cap": [
        "17038"
      ],
      "popolazione": 2522
    },
    {
      "nome": "Vobbia",
      "codice": "010066",
      "zona": {
        "codice": "1",
        "nome": "Nord-ovest"
      },
      "regione": {
        "codice": "07",
        "nome": "Liguria"
      },
      "provincia": {
        "codice": "010",
        "nome": "Genova"
      },
      "sigla": "GE",
      "codiceCatastale": "M105",
      "cap": [
        "16010"
      ],
      "popolazione": 463
    },
    {
      "nome": "Zignago",
      "codice": "011032",
      "zona": {
        "codice": "1",
        "nome": "Nord-ovest"
      },
      "regione": {
        "codice": "07",
        "nome": "Liguria"
      },
      "provincia": {
        "codice": "011",
        "nome": "La Spezia"
      },
      "sigla": "SP",
      "codiceCatastale": "M177",
      "cap": [
        "19020"
      ],
      "popolazione": 524
    },
    {
      "nome": "Zoagli",
      "codice": "010067",
      "zona": {
        "codice": "1",
        "nome": "Nord-ovest"
      },
      "regione": {
        "codice": "07",
        "nome": "Liguria"
      },
      "provincia": {
        "codice": "010",
        "nome": "Genova"
      },
      "sigla": "GE",
      "codiceCatastale": "M182",
      "cap": [
        "16035"
      ],
      "popolazione": 2516
    },
    {
      "nome": "Zuccarello",
      "codice": "009069",
      "zona": {
        "codice": "1",
        "nome": "Nord-ovest"
      },
      "regione": {
        "codice": "07",
        "nome": "Liguria"
      },
      "provincia": {
        "codice": "009",
        "nome": "Savona"
      },
      "sigla": "SV",
      "codiceCatastale": "M197",
      "cap": [
        "17039"
      ],
      "popolazione": 322
    }
  ]